/*Create the DataBase - IMDb*/
CREATE DATABASE IMDb
GO


/*
CREATE AND INSERT VALUES INTO ACTOR TABLE					
*/

USE [imdb]
GO

CREATE TABLE [dbo].[actors](
	[id] [int] NOT NULL,
	[first_name] [varchar](100) NULL,
	[last_name] [varchar](100) NULL,
	[gender] [char](1) NULL
			)



INSERT INTO actors VALUES
(2,'Michael',' Viera','M'),
(3,'Eloy','Chincheta','M'),
(4,'Dieguito','El Cigala','M'),
(5,'Antonio','El de Chipiona','M'),
(6,'José','El Francés','M'),
(7,'Félix','El Gato','M'),
(8,'Marcial','El Jalisco','M'),
(9,'José','El Morito','M'),
(10,'Francisco','El Niño de la Manola','M'),
(11,'Víctor','El Payaso','M'),
(12,'Antonio','El Pescaíto','M'),
(13,'Luis','El Plojo','M'),
(14,'Janny','el Portugues','M'),
(15,'Antonio','El Rilete','M'),
(16,'Baltazar','El Toro','M'),
(17,'Luis Roberto','Formiga','M'),
(18,'Murray the','K','M'),
(19,'Néstor','Kick Boxer','M'),
(20,'Tony','La Chispa','M'),
(21,'Pollino','Romero','M'),
(22,'Frans','t Hoen','M'),
(23,'Jorrit','t Hoen','M'),
(24,'Dick','t Hooft','M'),
(25,'Jacob','The Jeweler','M'),
(26,'Izzy','The Religious Nut','M'),
(27,'Kaolelo','Ulaleo','M'),
(28,'Oswald','Ô','M'),
(29,'Todd','1','M'),
(30,'Mac','10','M'),
(32,'Angel','0.465972222222222','M'),
(33,'Nick','13','M'),
(34,'Shaggy','2 Dope','M'),
(35,'Mode','2','M'),
(36,'Benjamin','2X','M'),
(37,'The','3 Whippets','M'),
(38,'André','3000','M'),
(40,'Articolo','31','M'),
(41,'Rappin','4-Tay','M'),
(42,'The','4D Jones','M'),
(43,'Mick','5','M'),
(44,'James','52X','M'),
(45,'Lucky','7','M'),
(46,'Marc','7','M'),
(47,'Equipe','84','M'),
(48,'Ahmed','A El Rahim','M'),
(49,'Dragan','a zovu ga Elvis','M'),
(50,'Brett','AHearn','M'),
(51,'Lejaren','aHiller','M'),
(52,'Yussuf Abed','ANur','M'),
(53,'Headhunter','A','M'),
(55,'Yunga','A','M'),
(56,'Cairns','A.','M'),
(57,'Dominique','A.','M'),
(58,'Narayana Rao','A.','M'),
(59,'Prasad','A.','M'),
(60,'Satyanarayana','A.','M'),
(61,'Narayana','A.L.','M'),
(62,'Raja','A.M.','M'),
(63,'Krishna','A.R.','M'),
(64,'Alwi','A.S.','M'),
(65,'Giri','A.S.','M'),
(66,'Subba Rao','A.V. Jr.','M'),
(67,'Subba Rao','A.V.','M'),
(68,'Brynjar','Aa','M'),
(69,'Andreas','Aabel','M'),
(70,'Hauk (I)','Aabel','M'),
(71,'Per (I)','Aabel','M'),
(72,'Palle','Aabentoft','M'),
(73,'Dennis','Aaberg','M'),
(74,'Linus (I)','Aaberg','M'),
(75,'Linus (II)','Aaberg','M'),
(76,'Kristian','Aaby','M'),
(77,'Olaf','Aabye','M'),
(78,'Tørres','Aadland','M'),
(79,'Argo','Aadli','M'),
(80,'Per','Aaeng','M'),
(81,'Karl','Aagaard Østvig Jr.','M'),
(82,'Carl Powl','Aagaard','M'),
(83,'Egon','Aagaard','M'),
(84,'Jesper','Aagaard','M'),
(85,'Lasse','Aagaard','M'),
(86,'Sebastian','Aagaard-Williams','M'),
(87,'Karl','Aagard Østvig','M'),
(88,'Per','Aage Brandt','M'),
(89,'Jan','Aagre','M'),
(90,'Thomas','Aagren','M'),
(91,'Dee','Aaker','M'),
(92,'Lee','Aaker','M'),
(93,'Kim Fupz','Aakeson','M'),
(94,'Steve','Aalam','M'),
(95,'Freddy','Aalbeck','M'),
(96,'George','Aalbregise','M'),
(97,'Niels','Aalbæk Jensen','M'),
(98,'Karsten','Aalholm','M'),
(99,'Preben','Aalholt','M'),
(100,'Henri','Aalto','M'),
(101,'Keijo','Aalto','M'),
(102,'Petri','Aalto','M'),
(103,'Rostislav','Aalto','M'),
(106,'Pauli','Aalto-Setälä','M'),
(107,'Heikki','Aaltoila','M'),
(108,'Alpo','Aaltokoski','M'),
(109,'Jouko','Aaltonen','M'),
(111,'Jukka','Aaltonen','M'),
(112,'Kosti','Aaltonen','M'),
(113,'Leif','Aaltonen','M'),
(114,'Markus','Aaltonen','M'),
(115,'Remu','Aaltonen','M'),
(116,'Risto','Aaltonen','M'),
(117,'Veikko','Aaltonen','M'),
(118,'Vesa','Aaltonen','M'),
(119,'Yrjö','Aaltonen','M'),
(120,'Stacy','Aam','M'),
(121,'John','Aamdahl','M'),
(122,'Willie','Aames','M'),
(123,'Kjetil André','Aamodt','M'),
(124,'Kristian','Aamodt','M'),
(125,'Thor Michael','Aamodt','M'),
(126,'Asger','Aamund','M'),
(127,'Dai Sai','Aan','M'),
(128,'Peter','Aanensen','M'),
(129,'Adolf','Aanesen','M'),
(130,'Lehtinen','Aape','M'),
(131,'Jim','Aar','M'),
(132,'Abraxas','Aaran','M'),
(133,'Steve','Aaran','M'),
(134,'Satyanarayana','Aarani','M'),
(135,'Efisio','Aarbus','M'),
(136,'Frank J.','Aard','M'),
(137,'Ott','Aardam','M'),
(138,'Raymond','Aarden','M'),
(139,'Fritz','Aardvark Bragpuss','M'),
(140,'Bruce','Aarestad','M'),
(141,'Carsten','Aarestrup','M'),
(142,'Lasse','Aarestrup','M'),
(143,'Mick','Aarestrupp','M'),
(144,'Jeffrey','Aarles','M'),
(145,'Annu','Aarnela','M'),
(146,'Douglas','Aarniokoski','M'),
(147,'Aash','Aaron','M'),
(148,'Armando','Aaron','M'),
(149,'Bob (I)','Aaron','M'),
(150,'Brian','Aaron','M'),
(151,'Chad','Aaron','M'),
(152,'Charles','Aaron','M'),
(153,'Chuck','Aaron','M'),
(154,'David S.','Aaron','M'),
(155,'Eddie','Aaron','M'),
(156,'Eric','Aaron','M'),
(157,'Frank','Aaron','M'),
(158,'Hank','Aaron','M'),
(159,'Jack','Aaron','M'),
(160,'James (I)','Aaron','M'),
(161,'James (II)','Aaron','M'),
(162,'Jeff','Aaron','M'),
(163,'Joe (II)','Aaron','M'),
(164,'John (I)','Aaron','M'),
(165,'Levy','Aaron','M'),
(166,'Mark (II)','Aaron','M'),
(167,'Nicholas','Aaron','M'),
(168,'Piet','Aaron','M'),
(169,'Rabbi Jonathan','Aaron','M'),
(171,'Robert','Aaron','M'),
(172,'Sam (I)','Aaron','M'),
(173,'Sam (II)','Aaron','M'),
(174,'Shane','Aaron','M'),
(175,'Terry','Aaron','M'),
(176,'Travis','Aaron','M'),
(177,'Victor','Aaron','M'),
(178,'Ben','Aaronovitch','M'),
(179,'David','Aaronovitch','M'),
(180,'Owen','Aaronovitch','M'),
(181,'Aaron','Aarons','M'),
(182,'Allan','Aarons','M'),
(184,'Leroy','Aarons','M'),
(185,'Alan','Aaronson','M'),
(186,'Scott','Aaronson','M'),
(187,'Tapio','Aarre-Ahtio','M'),
(188,'Bob','Aarrons','M'),
(189,'Reidar','Aarsand','M'),
(190,'Josef','Aarskov','M'),
(191,'Erik','Aarsland','M'),
(192,'Daniel','Aarsman','M'),
(193,'Turid','Aarstad','M'),
(194,'Karl Johan','Aarsæther','M'),
(195,'Uuno','Aarto','M'),
(196,'Jack','Aarts','M'),
(197,'Raf','Aarts','M'),
(198,'Sjors','Aarts','M'),
(199,'Heikki','Aarva','M'),
(200,'Sami','Aarva','M'),
(201,'Einar Kvarving','Aarvig','M'),
(202,'Arne','Aas','M'),
(203,'Ask','Aas','M'),
(204,'Gunnar','Aas','M'),
(205,'Harald','Aas','M'),
(206,'Knut','Aas','M'),
(207,'Nils','Aas','M'),
(208,'Svein Roar','Aas','M'),
(209,'Geir','Aase','M'),
(210,'Henrik','Aase','M'),
(211,'Henrik','Aasekjær','M'),
(212,'Craig','Aasen','M'),
(213,'John','Aasen','M'),
(214,'Larry','Aasen','M'),
(215,'Jay','Aaseng','M'),
(216,'Ivar','Aaserud','M'),
(217,'Per Morten','Aaserud','M'),
(218,'Aaron','Aash','M'),
(219,'Erik','Aasheim','M'),
(220,'Paal Tarjei','Aasheim','M'),
(221,'C.S.','Aasie','M'),
(222,'G.S.','Aasie','M'),
(223,'Derek','Aasland','M'),
(224,'Freddy','Aastrøm','M'),
(225,'Jamel','Aattache','M'),
(226,'Tõnu','Aav','M'),
(227,'Kaarlo','Aavajoki','M'),
(228,'Evald','Aavik','M'),
(229,'Mohamed','Aazzi','M'),
(230,'Imad','Ab on Khaled','M'),
(231,'Dilek','Aba','M'),
(232,'Eusebio','Aba','M'),
(233,'Saleem','Abaas','M'),
(235,'Manon','Abacjodze','M'),
(236,'Diego','Abad de Santillán','M'),
(237,'Antonio','Abad Ojuel','M'),
(238,'José','Abad Zuleta','M'),
(239,'Alejandro','Abad','M'),
(240,'Gabriel G.','Abad','M'),
(241,'Jose Gil','Abad','M'),
(242,'José','Abad','M'),
(243,'Kike','Abad','M'),
(244,'Manuel','Abad','M'),
(245,'Ramiro','Abad','M'),
(246,'Ángel','Abad','M'),
(247,'Óscar','Abad','M'),
(248,'Nabil','Abada','M'),
(249,'Ignasi','Abadal','M'),
(250,'Josep','Abadal','M'),
(251,'José Ignacio','Abadal','M'),
(252,'Christophe','Abadallah','M'),
(253,'César','Abades','M'),
(254,'Reyes','Abades','M'),
(255,'Rene','Abadeza','M'),
(256,'Ebrahim','Abadi','M'),
(257,'Lysander O.','Abadia','M'),
(258,'Oscar','Abadia','M'),
(259,'A.C.','Abadie','M'),
(260,'Brian','Abadie','M'),
(261,'Hector','Abadie','M'),
(262,'Jean-Claude','Abadie','M'),
(263,'Jean-Jacques','Abadie','M'),
(264,'Romuald','Abadie','M'),
(265,'William','Abadie','M'),
(266,'Eksander','Abadii','M'),
(267,'Aleli','Abadilla','M'),
(268,'Luis','Abadié','M'),
(269,'D.','Abadzhiev','M'),
(270,'Dimitar','Abadzhiev','M'),
(271,'Lyubomir','Abadzhiev','M'),
(272,'Alexander','Abadzis','M'),
(273,'Jorge María','Abadía','M'),
(274,'Julio','Abadía','M'),
(275,'Frank','Abagnale Jr.','M'),
(276,'Sonny','Abagnale','M'),
(277,'George','Abagnalo','M'),
(278,'Hervé','Abah','M'),
(279,'Hakun Jana','Abai','M'),
(280,'Mohamed','Abaid','M'),
(282,'M.','Abaishvili','M'),
(283,'G.','Abajanyan','M'),
(284,'Gali','Abajdulov','M'),
(285,'David','Abajo','M'),
(286,'Mohamed','Abajou','M'),
(287,'Vladimir','Abajyan','M'),
(288,'M.M.','Abakar','M'),
(289,'Askhab','Abakarov','M'),
(290,'Suvit','Abakaz','M'),
(291,'A.','Abakirov','M'),
(292,'O.','Abakumov','M'),
(293,'Jorge','Abalo','M'),
(294,'Byron','Abalos','M'),
(295,'Coraje','Abalos','M'),
(296,'David Brian','Abalos','M'),
(297,'Jing','Abalos','M'),
(298,'Eduard','Abalov','M'),
(299,'Leopoldo','Aban','M'),
(300,'Odo','Abaquin','M'),
(301,'Joaquín','Abarca','M'),
(302,'Pablo','Abarca','M'),
(303,'Paul','Abarca','M'),
(305,'Erwin','Abarico','M'),
(306,'Rabadan','Abarkoroff','M'),
(307,'José María','Abarno','M'),
(308,'Boris','Abarov','M'),
(309,'Johnny','Abarrientos','M'),
(310,'Boleslaw','Abart','M'),
(311,'Christian','Abart','M'),
(312,'César','Abarzua','M'),
(313,'Antonio','Abascal','M'),
(314,'Cecilio','Abascal','M'),
(315,'Paul','Abascal','M'),
(316,'Ramón','Abascal','M'),
(317,'Pyotr','Abasheyev','M'),
(318,'Dato','Abashidze','M'),
(319,'Dodo','Abashidze','M'),
(320,'Gocha','Abashidze','M'),
(321,'Levan','Abashidze','M'),
(322,'Shalva','Abashidze','M'),
(323,'Vaso','Abashidze','M'),
(324,'Heiam','Abasi','M'),
(325,'Alain','Abasie','M'),
(326,'Roland T.','Abasolo','M'),
(327,'Aladdin','Abasov','M'),
(328,'R.','Abasov','M'),
(329,'Mehdi','Abassi','M'),
(330,'Ryan','Abastillas','M'),
(331,'Diego','Abatantuono','M'),
(332,'Saïdou','Abatcha','M'),
(333,'Enrico','Abate','M'),
(334,'Massimo','Abate','M'),
(335,'Rodolfo','Abate','M'),
(336,'Dean','Abatemarco','M'),
(337,'Tony','Abatemarco','M'),
(338,'Joaquín','Abati','M'),
(339,'William','Abatie','M'),
(340,'Paul V.','Abato','M'),
(341,'Paul Vito','Abato','M'),
(342,'Ali','Abatsis','M'),
(343,'Serge','Abattucci','M'),
(344,'Anthony Shaw','Abaté','M'),
(345,'Jorge','Abaunza','M'),
(346,'Handi','Abay','M'),
(347,'Korhan','Abay','M'),
(348,'Marc','Abaya','M'),
(349,'Gabriel','Abayg','M'),
(350,'Ahmed','Abaza','M'),
(351,'Fekry','Abaza','M'),
(352,'Rushdy','Abaza','M'),
(353,'Naim','Abazi','M'),
(354,'Refet','Abazi','M'),
(355,'Farouk','Abaziad','M'),
(356,'Vladimir','Abazopulo','M'),
(357,'G.','Abazyan','M'),
(358,'Franco','Abba','M'),
(359,'Tijani','Abba','M'),
(360,'Rashid','Abba-Mama','M'),
(361,'Alex','Abbad','M'),
(362,'Pete','Abbadessa','M'),
(363,'Claudio','Abbado','M'),
(364,'Brahim','Abbadzi','M'),
(365,'Sergio','Abbagnato','M'),
(366,'Ekow','Abban','M'),
(367,'Sean','Abbananto','M'),
(368,'Mohammed','Abbar','M'),
(369,'Abdullah','Abbas','M'),
(370,'Amir','Abbas','M'),
(371,'Darvish','Abbas','M'),
(372,'Eduardo','Abbas','M'),
(373,'Gassan','Abbas','M'),
(374,'Ghulam','Abbas','M'),
(375,'Hector','Abbas','M'),
(376,'Mahmoud','Abbas','M'),
(377,'Master','Abbas','M'),
(378,'Rasan','Abbas','M'),
(379,'S.K.','Abbas','M'),
(380,'S.M.','Abbas','M'),
(381,'Shezad','Abbas','M'),
(382,'Sofiane','Abbas','M'),
(383,'Mohammad','Abbasi','M'),
(384,'Riz','Abbasi','M'),
(385,'Dilmurad','Abbasov','M'),
(386,'Gyunduz','Abbasov','M'),
(387,'Foad','Abbass','M'),
(388,'Oussaida','Abbass','M'),
(389,'Abdallah','Abbassi','M'),
(390,'Gianni','Abbate','M'),
(391,'Joe','Abbate','M'),
(392,'Mario','Abbate','M'),
(394,'Roberto','Abbati','M'),
(395,'Stefano','Abbati','M'),
(396,'Sal','Abbatiello','M'),
(399,'Jeff','Abbaté','M'),
(401,'Nabil','Abbazy','M'),
(402,'Brandon','Abbe','M'),
(403,'Charles S.','Abbe','M'),
(404,'Guillaume','Abbe','M'),
(405,'Jack Yutaka','Abbe','M'),
(406,'James E.','Abbe','M'),
(407,'Lyman R.','Abbe','M'),
(408,'Visalia','Abbe','M'),
(409,'Fons','Abbeloos','M'),
(410,'Manuel','Abberra','M'),
(411,'Ibrahim','Abbes','M'),
(412,'Mathias','Abbes','M'),
(413,'Lucien','Abbet','M'),
(414,'Evan','Abbey','M'),
(415,'Greg','Abbey','M'),
(416,'Ian','Abbey','M'),
(417,'John','Abbey','M'),
(418,'Joshua','Abbey','M'),
(419,'Leo','Abbey','M'),
(420,'Stephen','Abbey','M'),
(421,'Tony Arunah','Abbey','M'),
(422,'William','Abbey','M'),
(423,'Ernest','Abbeyquaye','M'),
(424,'Franco','Abbiana','M'),
(425,'Stefano','Abbiati','M'),
(426,'Alex','Abbiss','M'),
(427,'Francis','Abbo','M'),
(428,'Mike','Abbo','M'),
(429,'Jean-Marc','Abborg','M'),
(430,'Bernie','Abbot','M'),
(431,'Brian','Abbot','M'),
(432,'Dave','Abbot','M'),
(433,'Jerry','Abbot','M'),
(434,'Jim','Abbot','M'),
(435,'Paul','Abbot','M'),
(436,'Robin','Abbot','M'),
(437,'Russ','Abbot','M'),
(438,'Tommy','Abbot','M'),
(439,'Bud','Abbott Jr.','M'),
(440,'Aaron','Abbott','M'),
(441,'Alexander','Abbott','M'),
(442,'Allan (I)','Abbott','M'),
(443,'Bill (I)','Abbott','M'),
(444,'Billy (II)','Abbott','M'),
(445,'Brian (I)','Abbott','M'),
(446,'Brian (II)','Abbott','M'),
(447,'Bruce (I)','Abbott','M'),
(448,'Bud','Abbott','M'),
(449,'Charles (II)','Abbott','M'),
(450,'Dalton','Abbott','M'),
(451,'Dan','Abbott','M'),
(452,'David (I)','Abbott','M'),
(453,'David (III)','Abbott','M'),
(454,'David (V)','Abbott','M'),
(455,'David (VI)','Abbott','M'),
(456,'David (VII)','Abbott','M'),
(457,'Edward','Abbott','M'),
(458,'Eric','Abbott','M'),
(459,'Frank','Abbott','M'),
(460,'Fred','Abbott','M'),
(461,'Fredric','Abbott','M'),
(462,'G.P.','Abbott','M'),
(463,'Gavin','Abbott','M'),
(464,'Geoffrey (I)','Abbott','M'),
(465,'Geoffrey (II)','Abbott','M'),
(466,'George','Abbott','M'),
(467,'Greg','Abbott','M'),
(468,'Gregory','Abbott','M'),
(469,'H.','Abbott','M'),
(470,'Hal','Abbott','M'),
(471,'Henry','Abbott','M'),
(472,'J.F.','Abbott','M'),
(473,'Jack','Abbott','M'),
(474,'James','Abbott','M'),
(475,'Jamie','Abbott','M'),
(476,'Jason','Abbott','M'),
(477,'Jeff','Abbott','M'),
(478,'Jesse','Abbott','M'),
(479,'Jim','Abbott','M'),
(480,'John (I)','Abbott','M'),
(481,'John (II)','Abbott','M'),
(482,'John (III)','Abbott','M'),
(483,'John M.','Abbott','M'),
(484,'Joseph','Abbott','M'),
(485,'Kurt','Abbott','M'),
(486,'L.B.','Abbott','M'),
(487,'Lee','Abbott','M'),
(488,'Luke','Abbott','M'),
(489,'Mark (I)','Abbott','M'),
(490,'Matthew (II)','Abbott','M'),
(491,'Mike (I)','Abbott','M'),
(492,'Mike (II)','Abbott','M'),
(493,'Norman (I)','Abbott','M'),
(494,'Norman (II)','Abbott','M'),
(495,'Norman (III)','Abbott','M'),
(496,'Norman (IV)','Abbott','M'),
(497,'Paul (I)','Abbott','M'),
(498,'Paul (II)','Abbott','M'),
(499,'Percy','Abbott','M'),
(500,'Peter (I)','Abbott','M'),
(501,'Peter (II)','Abbott','M'),
(502,'Philip','Abbott','M'),
(503,'Richard (I)','Abbott','M'),
(504,'Richard (II)','Abbott','M'),
(506,'Robert (II)','Abbott','M'),
(507,'Robert S.','Abbott','M'),
(508,'Roger','Abbott','M'),
(509,'Stephen','Abbott','M'),
(510,'Steve (II)','Abbott','M'),
(511,'Steve (III)','Abbott','M'),
(512,'Thomas','Abbott','M'),
(513,'Tom','Abbott','M'),
(514,'Tommy','Abbott','M'),
(515,'Vic','Abbott','M'),
(516,'William','Abbott','M'),
(517,'Bernard','Abbou','M'),
(518,'Damien','Abbou','M'),
(519,'Karim','Abbou','M'),
(520,'Patrice','Abbou','M'),
(521,'Pierre','Abbou','M'),
(522,'Victor','Abbou','M'),
(523,'Deen','Abboud','M'),
(524,'Nor-eddin','Abboud','M'),
(525,'Dino','Abbrescia','M'),
(526,'Giuseppe','Abbrescia','M'),
(527,'Ace','Abclone','M'),
(528,'Amr','Abd El-Guelil','M'),
(529,'Nakib','Abdagic','M'),
(530,'Mario','Abdah','M'),
(531,'Farah','Abdala','M'),
(532,'José','Abdala','M'),
(533,'Lousnak','Abdalian','M'),
(534,'Abrahão','Abdalla','M'),
(535,'Kamaran','Abdalla','M'),
(536,'Ahmed','Abdallah','M'),
(537,'Aiman','Abdallah','M'),
(538,'Amar Ben','Abdallah','M'),
(540,'Mohamed','Abdallah','M'),
(541,'Mohsen Ben','Abdallah','M'),
(542,'Mouzahem','Abdallah','M'),
(543,'Salah','Abdallah','M'),
(544,'Samir (I)','Abdallah','M'),
(545,'Pavel','Abdalov','M'),
(546,'Tony','Abdanor','M'),
(547,'Hamid','Abdar','M'),
(548,'Farid','Abdedou','M'),
(549,'Rahim','Abdel Ahmed','M'),
(550,'Mahmoud','Abdel Aziz','M'),
(551,'S.','Abdel Aziz','M'),
(552,'Achraf','Abdel Baqi','M'),
(553,'Mohamed','Abdel Gawad','M'),
(554,'Ashraf','Abdel Ghafaar','M'),
(555,'Said','Abdel Ghani','M'),
(556,'A.','Abdel Hadi','M'),
(557,'Hassan','Abdel Hamid','M'),
(558,'Mohamed','Abdel Mouttaleb','M'),
(559,'Mohamed','Abdel Rahman','M'),
(560,'Shabaan','Abdel Rehim','M'),
(561,'Fathy','Abdel Wahab','M'),
(562,'Mohamed','Abdel Wahab','M'),
(563,'Saad','Abdel Wahab','M'),
(564,'Zaki','Abdel Wahab','M'),
(565,'Ahmad','Abdel Waress','M'),
(566,'Ali','Abdel','M'),
(567,'D.J.','Abdel','M'),
(568,'Salah','Abdel','M'),
(569,'Karem','Abdel-Azeez','M'),
(570,'Tarik','Abdel-Monem','M'),
(571,'Yakoub','Abdelatif','M'),
(572,'Ahmed','Abdelaziz','M'),
(573,'Azouz','Abdelaziz','M'),
(574,'Nordin','Abdelbakic','M'),
(575,'Yacine','Abdeldjebar','M'),
(576,'Josh','Abdelfatah','M'),
(577,'Hassan','Abdelgani','M'),
(578,'Bab','Abdelghari','M'),
(579,'Abdelazim','Abdelhack','M'),
(581,'Abdelaziz','Abdelhak','M'),
(582,'Ahmed','Abdelhalim','M'),
(583,'Kamel','Abdeli','M'),
(584,'My Alaoui','Abdelkader Taleb','M'),
(585,'Hassan','Abdelkader','M'),
(586,'Mahieddine','Abdelkader','M'),
(587,'Zein','Abdelkafi','M'),
(588,'HMaia','Abdelkrim','M'),
(589,'Karim','Abdellah','M'),
(590,'Mohamed','Abdellaoui','M'),
(591,'Abdellfattah','Abdellatif','M'),
(592,'Hilal','Abdellatif','M'),
(593,'Lotfi','Abdelli','M'),
(594,'Rachid','Abdellouche','M'),
(595,'Baji','Abdelmajid','M'),
(596,'Zaouia','Abdelmajid','M'),
(597,'Iyad','Abdelmegid','M'),
(598,'Kouider','Abdelmonmonmeni','M'),
(599,'Koulder','Abdelmoumeni','M'),
(600,'Eduardo','Abdelnor','M'),
(601,'Nordine','Abdelouabab','M'),
(602,'Adil','Abdelouahed','M'),
(603,'Mouadine','Abdelouahed','M'),
(604,'Bargach','Abdelrahim','M'),
(605,'Khalid','Abdelrasoul','M'),
(606,'Muftah','Abdelsamad','M'),
(607,'Adil','Abdelwahab','M'),
(608,'Ali','Abdelwahab','M'),
(609,'Ilham','Abdelwahed','M'),
(610,'Kadi','Abdemalek','M'),
(611,'Amine','Abdenahime','M'),
(612,'Rolf','Abderhalden','M'),
(613,'Ould','Abderrahman','M'),
(614,'Abdelkader','Abderrahmane','M'),
(615,'Kamal','Abderrahmane','M'),
(616,'Samir','Abderrahmane','M'),
(617,'Mahmoud','Abderrazak','M'),
(618,'Chelaf','Abdeslam','M'),
(619,'Bellasri','Abdessalam','M'),
(620,'Adisoerya','Abdi','M'),
(621,'Ahmed','Abdi','M'),
(622,'Ahmed Houffeil','Abdi','M'),
(623,'Akbar','Abdi','M'),
(624,'Nassim','Abdi','M'),
(625,'Nidam','Abdi','M'),
(626,'Reza','Abdi','M'),
(627,'Batyrbek','Abdikov','M'),
(628,'Ray','Abdilla','M'),
(629,'Jamal','Abdillah','M'),
(630,'Shion','Abdillah','M'),
(631,'B.','Abdilmanov','M'),
(632,'Eddie','Abdo','M'),
(633,'Héctor','Abdo','M'),
(634,'Joe','Abdo','M'),
(636,'Tom','Abdo','M'),
(637,'Lucas','Abdon','M'),
(638,'Cheb','Abdou Jr.','M'),
(639,'Ahamed','Abdou','M'),
(640,'Hacen','Abdou','M'),
(641,'Louche','Abdou','M'),
(642,'Ol','Abdou','M'),
(643,'Soumare','Abdoulaye','M'),
(644,'Ali','Abdoun','M'),
(645,'Samir','Abdoun','M'),
(646,'Farkhad','Abdraimov','M'),
(647,'Abdrashid','Abdrakhmanov','M'),
(648,'Ildar','Abdrazakov','M'),
(649,'Kanat','Abdreimov','M'),
(650,'Kuatbai','Abdreimov','M'),
(651,'Faisal','Abduallah','M'),
(652,'Mirjamol','Abdukadirov','M'),
(653,'Sokrat','Abdukadyrov','M'),
(654,'D.','Abdukholik-zade','M'),
(655,'Sultan','Abdul Hamid II','M'),
(656,'Hisham','Abdul Hamid','M'),
(657,'Alharis','Abdul','M'),
(658,'Elias','Abdul','M'),
(659,'George','Abdul','M'),
(660,'Hadi','Abdul','M'),
(661,'Sam','Abdul','M'),
(663,'Wasker','Abdul','M'),
(664,'Malik','Abdul-Aziz','M'),
(665,'Malik','Abdul-Basit','M'),
(666,'Ben','Abdul-Haqq','M'),
(667,'Kareem','Abdul-Jabbar','M'),
(668,'Nasim','Abdul-Malik','M'),
(669,'Malek','Abdul-Mansour','M'),
(670,'Mujahid','Abdul-Rashid','M'),
(671,'Bilah','Abdul-Samad','M'),
(672,'Hakeem','Abdul-Samad','M'),
(673,'Khiry','Abdul-Samad','M'),
(674,'Tajh','Abdul-Samad','M'),
(675,'Andrew','Abdul-Wahab','M'),
(676,'Mohammed','Abdulai','M'),
(677,'Anatoli','Abdulayev','M'),
(678,'M.','Abdulayev','M'),
(679,'Bangin','Abdulkadir','M'),
(680,'Sherali','Abdulkajsov','M'),
(681,'Zuhair','Abdulkarim','M'),
(682,'M.','Abdulkhabirov','M'),
(683,'Iso','Abdulkhairov','M'),
(684,'Ali','Abdulla','M'),
(685,'Master','Abdulla','M'),
(686,'Nadvar Karim','Abdulla','M'),
(687,'Nassar','Abdulla','M'),
(688,'Akeem','Abdullah','M'),
(689,'Fauzia','Abdullah','M'),
(690,'Hisham','Abdullah','M'),
(691,'Hussein','Abdullah','M'),
(692,'Joe','Abdullah','M'),
(693,'Josh','Abdullah','M'),
(694,'Mohammed','Abdullah','M'),
(695,'Raheem','Abdullah','M'),
(696,'Rosman','Abdullah','M'),
(697,'Sheik','Abdullah','M'),
(698,'Sony','Abdullah','M'),
(699,'Yunus','Abdullah','M'),
(700,'Zauther','Abdullah','M'),
(701,'Laval','Abdullahi','M'),
(702,'Barry','Abdullaje','M'),
(703,'Fadi','Abdullatif','M'),
(704,'Alovuddin','Abdullayev','M'),
(705,'Farkhad','Abdullayev','M'),
(706,'Farman','Abdullayev','M'),
(707,'Kyazim','Abdullayev','M'),
(708,'Lutfulla','Abdullayev','M'),
(709,'Nurullo','Abdullayev','M'),
(710,'V.','Abdullayev','M'),
(711,'Assol','Abdullina','M'),
(712,'Tamer','Abdulmunem','M'),
(713,'Aleksandr','Abdulov','M'),
(714,'Omar','Abdulov','M'),
(715,'Osip','Abdulov','M'),
(716,'Vitalei','Abdulov','M'),
(717,'Vsevolod','Abdulov','M'),
(718,'I.','Abdulragimov','M'),
(719,'Shukhrat','Abdurakhmanov','M'),
(720,'Iso','Abdurashidov','M'),
(721,'Khabibullo','Abdurazakov','M'),
(722,'Umar','Abdurrahamn','M'),
(723,'Abduraim','Abdurvakhabov','M'),
(724,'Bekari','Abdurzak','M'),
(725,'Shavkat','Abdusalamov','M'),
(726,'A.','Abduvakhabov','M'),
(727,'S.','Abduzhalilov','M'),
(728,'Harry','Abdy','M'),
(729,'Nurdan','Abdykadyrov','M'),
(730,'Rakhimdzhan','Abdykadyrov','M'),
(731,'Aktan','Abdykalykov','M'),
(732,'Akylbek','Abdykalykov','M'),
(733,'Mirlan','Abdykalykov','M'),
(734,'Atsushi','Abe','M'),
(735,'Frank (I)','Abe','M'),
(736,'George T.','Abe','M'),
(737,'Georges','Abe','M'),
(738,'Goro','Abe','M'),
(739,'Gyu','Abe','M'),
(740,'Hiroshi','Abe','M'),
(741,'Jôji','Abe','M'),
(742,'Kaoru','Abe','M'),
(743,'Kentaro (II)','Abe','M'),
(744,'Koji (I)','Abe','M'),
(745,'Kusuo','Abe','M'),
(746,'Kwang','Abe','M'),
(747,'Kyuroku','Abe','M'),
(748,'Machi','Abe','M'),
(749,'Mario','Abe','M'),
(750,'Masahiko','Abe','M'),
(751,'Masato (II)','Abe','M'),
(752,'Matthew','Abe','M'),
(753,'Mitsuo','Abe','M'),
(754,'Naoyuki','Abe','M'),
(755,'Noriaki','Abe','M'),
(756,'Nômaru','Abe','M'),
(757,'Roberto','Abe','M'),
(758,'Sadao','Abe','M'),
(759,'Sadayo','Abe','M'),
(760,'Satoru','Abe','M'),
(761,'Shozaburo','Abe','M'),
(762,'Stan','Abe','M'),
(763,'Susumu','Abe','M'),
(764,'Tatsurô','Abe','M'),
(765,'Tatsuya','Abe','M'),
(767,'Toru','Abe','M'),
(768,'Tsuyoshi (I)','Abe','M'),
(769,'Tsuyoshi (II)','Abe','M'),
(770,'Y. Hero','Abe','M'),
(771,'Yuji','Abe','M'),
(772,'Zenji','Abe','M'),
(773,'Baduk','Abea','M'),
(774,'Addis','Abeba','M'),
(775,'Moshe','Abeba','M'),
(776,'Chiqui','Abecasis','M'),
(777,'Alain','Abecassis','M'),
(778,'Nadav','Abecassis','M'),
(779,'Danny A.','Abeckaser','M'),
(780,'Akab','Abed El-Hai','M'),
(781,'Ahamed','Abed Elrani','M'),
(782,'Bassam','Abed','M'),
(783,'Joseph','Abed','M'),
(784,'Ramzi','Abed','M'),
(785,'Rodrigo','Abed','M'),
(786,'Sam','Abed','M'),
(787,'Youssef','Abed-Alnour','M'),
(788,'Ali','Abedini','M'),
(789,'Hossein','Abedini','M'),
(790,'Keyan Arman','Abedini','M'),
(791,'Steve','Abee','M'),
(792,'Nicholas','Abeel','M'),
(793,'Tom','Abeel','M'),
(794,'Jochen','Abegg','M'),
(795,'Henri','Abehsera','M'),
(796,'Ezequiel','Abeijón','M'),
(797,'Luis','Abeijón','M'),
(798,'Jean','Abeillé','M'),
(799,'Andrew','Abeita','M'),
(800,'Alan','Abel','M'),
(801,'Alfred','Abel','M'),
(802,'Carlos','Abel','M'),
(803,'Dieudonne S.','Abel','M'),
(804,'Dominique (I)','Abel','M'),
(805,'Dr. Bodo','Abel','M'),
(806,'Ervin','Abel','M'),
(807,'Fernand','Abel','M'),
(808,'Frank','Abel','M'),
(809,'Horace','Abel','M'),
(810,'Ingo','Abel','M'),
(811,'Jean-Luc','Abel','M'),
(812,'Joel','Abel','M'),
(813,'Jon','Abel','M'),
(814,'Jonathan','Abel','M'),
(815,'Joseph Patrick','Abel','M'),
(817,'Lucas','Abel','M'),
(818,'Mark (II)','Abel','M'),
(819,'Milton','Abel','M'),
(820,'Mohammad','Abel','M'),
(821,'Mohammed','Abel','M'),
(822,'Morten','Abel','M'),
(823,'P.','Abel','M'),
(824,'Robert (III)','Abel','M'),
(825,'Roysten','Abel','M'),
(826,'Royston','Abel','M'),
(827,'Rudolf','Abel','M'),
(828,'Sean','Abel','M'),
(829,'Steve','Abel','M'),
(830,'Tommy','Abel','M'),
(831,'Walter','Abel','M'),
(832,'Willi','Abel','M'),
(833,'Angelo','Abela','M'),
(834,'Emanuel','Abela','M'),
(835,'Enrique','Abela','M'),
(836,'Frédéric','Abela','M'),
(837,'Gérard','Abela','M'),
(838,'Joe','Abela','M'),
(839,'Mr.','Abela','M'),
(840,'Emman','Abelada','M'),
(841,'Jean','Abelanski','M'),
(842,'Lionel','Abelanski','M'),
(843,'Michael','Abelar','M'),
(844,'Sylvain','Abelard','M'),
(845,'Jim','Abele','M'),
(846,'John','Abele','M'),
(847,'Ridgely','Abele','M'),
(848,'Enrique','Abeledo','M'),
(849,'Miguel','Abeledo','M'),
(850,'David','Abeler','M'),
(851,'Lito','Abelera','M'),
(852,'Edward','Abeles','M'),
(853,'Jordan','Abeles','M'),
(854,'Nicolás','Abeles','M'),
(855,'Alan','Abelew','M'),
(856,'Gus','Abelgas','M'),
(857,'Dino','Abelino','M'),
(858,'Alistair','Abell','M'),
(859,'Ben','Abell','M'),
(860,'John R.','Abell','M'),
(861,'Kevin','Abell','M'),
(862,'Tim','Abell','M'),
(863,'Alex','Abella','M'),
(864,'Alin','Abella','M'),
(865,'Daniel','Abella','M'),
(866,'Diego','Abella','M'),
(867,'Rafael','Abella','M'),
(869,'Alejandro','Abellan','M'),
(870,'Sébastien','Abellan','M'),
(871,'Rey','Abellana','M'),
(872,'Dominique','Abellard','M'),
(873,'Brad','Abelle','M'),
(874,'Janvier','Abelle','M'),
(875,'Bror','Abelli','M'),
(876,'Jacques','Abellira','M'),
(877,'Remi','Abellira','M'),
(878,'Reno','Abellira','M'),
(879,'Amado','Abello','M'),
(880,'Jarrett','Abello','M'),
(881,'Jorge Enrique','Abello','M'),
(882,'Luigi','Abello','M'),
(883,'Pere','Abello','M'),
(884,'Ismael','Abellán','M'),
(885,'José Antonio','Abellán','M'),
(886,'Darryll','Abels','M'),
(887,'Gregory','Abels','M'),
(888,'Michael','Abelski','M'),
(889,'Arthur','Abelson','M'),
(890,'Artashes','Abelyan','M'),
(891,'Hovhannes','Abelyan','M'),
(892,'Rini','Aben','M'),
(893,'Lakshantha','Abenayake','M'),
(894,'Shelly','Abend','M'),
(895,'Michael','Abendroth','M'),
(896,'Stefan','Abendroth','M'),
(897,'Mark','Abene','M'),
(899,'Brian','Abent','M'),
(900,'Lord','Abenz','M'),
(901,'André','Abept','M'),
(902,'Billy','Aber','M'),
(904,'Christopher','Aber','M'),
(905,'Chuck','Aber','M'),
(906,'Georges','Aber','M'),
(907,'Johnny','Aber','M'),
(908,'Nestor','Aber','M'),
(909,'Paul','Aber','M'),
(910,'Fontxo','Aberastiri','M'),
(911,'Andrés','Aberasturi','M'),
(912,'Zaïr','Aberbache','M'),
(913,'J.','Abercomie','M'),
(914,'Duke of','Abercorn','M'),
(915,'Brian','Abercrombie','M'),
(916,'Ian','Abercrombie','M'),
(917,'John','Abercrombie','M'),
(918,'Kevin','Abercrombie','M'),
(919,'P.G.','Abercrombie','M'),
(920,'Sir Patrick','Abercrombie','M'),
(921,'Robert','Aberdeen','M'),
(922,'Keith','Aberdein','M'),
(923,'Siv Marta','Aberg','M'),
(924,'Daniel','Abergel','M'),
(925,'William','Aberhart','M'),
(926,'Erich','Aberle','M'),
(927,'Norbert','Aberle','M'),
(928,'Hugo','Aberman','M'),
(929,'Larry','Aberman','M'),
(930,'Ralph David','Abernathy IV','M'),
(931,'Craig','Abernathy','M'),
(932,'Glenn','Abernathy','M'),
(933,'Lewis','Abernathy','M'),
(934,'Master','Abernathy','M'),
(935,'Ralph','Abernathy','M'),
(936,'Ric','Abernathy','M'),
(937,'Scott','Abernathy','M'),
(938,'Thomas','Abernathy','M'),
(939,'Tom (I)','Abernathy','M'),
(940,'Bob','Abernethy','M'),
(941,'Tom','Abernethy','M'),
(942,'Seth C.','Abero','M'),
(944,'William','Abers','M'),
(945,'Richard','Abert','M'),
(946,'Lawrence J.','Aberwood','M'),
(947,'G.','Abesadze','M'),
(948,'K.','Abesadze','M'),
(949,'Mikhail','Abesadze','M'),
(950,'Gia','Abesalashvili','M'),
(951,'Adam','Abeshouse','M'),
(952,'David','Abessadze','M'),
(953,'Serge','Abessolo','M'),
(954,'Antonio','Abete','M'),
(955,'Clemente','Abete','M'),
(956,'Joe','Abey','M'),
(957,'Stefan','Abeydeera','M'),
(958,'Antonio','Abeyta','M'),
(959,'John Christopher','Abeyta','M'),
(960,'Dilani','Abeywardena','M'),
(961,'Joe','Abeywickrama','M'),
(962,'Franziskus','Abgottspon','M'),
(963,'Guy','Abgrall','M'),
(964,'Ceuru','Abgui','M'),
(965,'Mohammad','Abhari','M'),
(966,'Singh','Abhimanyu Shekhar','M'),
(967,'Master','Abhitab','M'),
(968,'Aband','Abhyankar','M'),
(969,'Joseph','Abi-Ad','M'),
(970,'Philippe','Abia','M'),
(971,'Kenza','Abiabdillah','M'),
(972,'Georges','Abiad','M'),
(973,'Serge','Abiad','M'),
(974,'Jorge','Abian','M'),
(975,'Nino','Abiatti','M'),
(976,'Kamal','Abib','M'),
(977,'Sujoto','Abibrolo','M'),
(978,'Cyrus','Abidi','M'),
(979,'Malik','Abidin','M'),
(980,'Zaenal','Abidin','M'),
(981,'Hassan','Abidou','M'),
(982,'D.','Abidov','M'),
(983,'Aesma','Abigov','M'),
(984,'Thomas K.','Abihai','M'),
(985,'David','Abiker','M'),
(986,'Bertel','Abildgaard','M'),
(987,'Klaus','Abildgaard','M'),
(988,'Ole','Abildgaard','M'),
(989,'Ulver Skuli','Abildgaard','M'),
(990,'Yernar','Abilev','M'),
(991,'Adir','Abilkassimov','M'),
(992,'Sherkhan','Abilov','M'),
(993,'Daniel','Abineri','M'),
(994,'John','Abineri','M'),
(995,'Sebastian','Abineri','M'),
(996,'Roderick','Abinet','M'),
(997,'Stephen','Abingdon','M'),
(998,'William L.','Abingdon','M'),
(999,'Luiz','Abino','M'),
(1000,'Remi','Abiola','M')


/*
CREATE AND INSERT VALUES INTO DIRECTORS TABLE 
*/

USE [imdb]
GO


CREATE TABLE [dbo].[directors1](
	[id] [int] NOT NULL,
	[first_name] [varchar](100) NULL,
	[last_name] [varchar](100) NULL
			)
			
			

INSERT INTO directors VALUES
(1,'Todd','1'),
(2,'Les','12 Poissons'),
(3,'Lejaren','Hiller'),
(4,'Nian','A'),
(5,'Khairiya','A-Mansour'),
(6,'Ricardo','A. Solla'),
(8,'Kodanda Rami Reddy','A.'),
(9,'Nageswara Rao','A.'),
(10,'Yuri','A.'),
(11,'Swamy','A.S.A.'),
(12,'Per (I)','Aabel'),
(13,'Eivind','Aaeng'),
(14,'Mang','Aag'),
(15,'Sigfred','Aagaard'),
(16,'Michael','Aaglund'),
(17,'Safdar','Aah'),
(18,'Astrid','Aakra'),
(19,'Mohamad Reza','Aalami'),
(20,'Jefri','Aalmuhammed'),
(21,'Rostislav','Aalto'),
(22,'Veikko','Aaltonen'),
(23,'Pål','Aam'),
(25,'Willie','Aames'),
(26,'Douglas','Aarniokoski'),
(27,'Hallie','Aaron'),
(28,'Jane','Aaron'),
(29,'Joe (II)','Aaron'),
(31,'Paul','Aaron'),
(32,'Evan','Aaronson'),
(33,'Reuben','Aaronson'),
(34,'Heikki','Aarva'),
(35,'Olav','Aasmundtveit'),
(36,'Lauri','Aaspõllu'),
(37,'Jamel','Aattache'),
(38,'Eduardo','Abad'),
(39,'Francisco','Abad'),
(40,'Jorge','Abad'),
(41,'Toni','Abad'),
(42,'Baltasar','Abadal'),
(43,'Regine','Abadia'),
(44,'A.C.','Abadie'),
(45,'Hector','Abadie'),
(46,'Emil','Abadzhiev'),
(47,'David','Abajo'),
(48,'Askhab','Abakarov'),
(49,'Ezequiel','Abalos'),
(50,'Ruben','Abalos'),
(51,'Eduard','Abalov'),
(52,'Paul','Abascal'),
(53,'Devi','Abashidze'),
(54,'Dodo','Abashidze'),
(55,'Leila','Abashidze'),
(56,'Bobby','Abate'),
(57,'Tony','Abatemarco'),
(58,'Hiyam','Abbas'),
(59,'Khwaja Ahmad','Abbas'),
(60,'Munshi','Abbas'),
(61,'S.M.','Abbas'),
(62,'Shukhrat','Abbasov'),
(63,'Fariborz','Abbassi'),
(64,'Lisa','Abbatiello'),
(65,'Mohamed','Abbazi'),
(66,'Jack Yutaka','Abbe'),
(67,'James E.','Abbe'),
(68,'Malcolm','Abbey'),
(69,'Francesco','Abbondati'),
(70,'Abdul Malik','Abbott'),
(71,'Andrew','Abbott'),
(72,'Charles (I)','Abbott'),
(73,'David (VIII)','Abbott'),
(74,'Deborah','Abbott'),
(75,'George','Abbott'),
(76,'Jennifer (I)','Abbott'),
(78,'Lee','Abbott'),
(79,'Louise','Abbott'),
(80,'Luke','Abbott'),
(81,'Norman (II)','Abbott'),
(82,'Philip','Abbott'),
(83,'Sarah','Abbott'),
(84,'Simon Dare','Abbott'),
(85,'Wayne','Abbott'),
(86,'Olivier','Abbou'),
(87,'Alberto','Abdala'),
(88,'Samir (II)','Abdallah'),
(89,'Mohamed','Abdel Aziz'),
(90,'Mohamed','Abdel Gawad'),
(91,'Chadi','Abdel Salam'),
(92,'Daoud','Abdel Sayed'),
(93,'Fatin','Abdel Wahab'),
(94,'Hamada','Abdel Wahab'),
(95,'Hassan','Abdel Wahab'),
(96,'Zaki','Abdel Wahab'),
(97,'Ali','Abdel-Khalek'),
(98,'Ameed','Abdelhafiz'),
(99,'Abdellatif','Abdelhamid'),
(100,'Adisoerya','Abdi'),
(101,'Reza','Abdi'),
(102,'Nick','Abdo'),
(103,'Mohsen','Abdolvahab'),
(104,'Vadim','Abdrashitov'),
(105,'Lono','Abdul Hamid'),
(107,'Aminah','Abdul-Jabbaar'),
(108,'Bairam','Abdullayev'),
(109,'Davron','Abdullayev'),
(110,'Ernest','Abdyjaparov'),
(111,'Aktan','Abdykalykov'),
(112,'Frank (II)','Abe'),
(113,'Hisashi','Abe'),
(114,'Kino','Abe'),
(115,'Masamichi','Abe'),
(116,'Masashi','Abe'),
(117,'Nobito','Abe'),
(118,'Noriyuki','Abe'),
(119,'Takashi','Abe'),
(120,'Teruo','Abe'),
(121,'Tsotumo','Abe'),
(122,'Yutaka','Abe'),
(123,'Eliette','Abecassis'),
(124,'Ramzi','Abed'),
(125,'Mohammad Reza','Abedi'),
(126,'James Brih','Abee'),
(127,'Alan','Abel'),
(128,'Alfred','Abel'),
(129,'Dominique (I)','Abel'),
(130,'Jeanne','Abel'),
(131,'Robert (I)','Abel'),
(132,'Roysten','Abel'),
(133,'Rudolph E.','Abel'),
(134,'Susanne','Abel'),
(135,'Gay','Abel-Bey'),
(136,'Alexander','Abela'),
(137,'Angelo','Abela'),
(138,'Gert','Abelbeck'),
(139,'Azinhal','Abelho'),
(140,'Cesar S.B.','Abella'),
(141,'Rafael Jorge','Abella'),
(142,'Bror','Abelli'),
(143,'Antonio','Abellán'),
(144,'Lisa','Abelow Hedley'),
(145,'Jeffrey','Abelson'),
(146,'Claudia','Abend'),
(147,'Julie','Aberdein'),
(148,'Douglas','Aberle'),
(149,'Don','Abernathy'),
(150,'Lewis','Abernathy'),
(151,'Otar','Abesadze'),
(152,'Dennis','Abey'),
(153,'Shathi','Abeysekara'),
(154,'Tissa','Abeysekera'),
(155,'César','Abeytua'),
(156,'Denzil','Abeywardane'),
(157,'Serge','Abi-Yaghi'),
(158,'Aly','Abidy'),
(159,'Robert B.','Abihay'),
(160,'Pascal','Abikanlou'),
(161,'Jytte','Abildstrøm'),
(162,'Milton','Abirached'),
(163,'Shachar','Abiri'),
(164,'Judith','Abitbol'),
(165,'Jesús B.','Abitia'),
(166,'Julian','Abitia'),
(167,'Dragan','Abjaninich'),
(168,'Daniela','Abke'),
(169,'Brad','Ableson'),
(170,'Vyacheslav','Ablotia'),
(171,'Boshra','Abo-Saif'),
(172,'Susan','Abod'),
(173,'João Abel','Aboim'),
(174,'Yossi','Abolafia'),
(175,'Kevin','Abosch'),
(176,'Soledad','Abot Glenz'),
(177,'Mohamed','Abou-Seif'),
(178,'Gaston','Abougit'),
(179,'Roni','Aboulafia'),
(180,'Marcel','Aboulker'),
(181,'Salah','Abouseif'),
(182,'François','About'),
(183,'Tony','Aboyantz'),
(184,'Temesghen Zehaie','Abraha'),
(185,'Adam','Abraham'),
(186,'Chris','Abraham'),
(187,'David (II)','Abraham'),
(188,'John (I)','Abraham'),
(189,'Maurice','Abraham'),
(190,'Morris','Abraham'),
(191,'Peggy Jo','Abraham'),
(192,'Hernán','Abrahamnsohn'),
(193,'Derwin','Abrahams'),
(194,'Jim','Abrahams'),
(195,'Christer','Abrahamsen'),
(196,'Svend','Abrahamsen'),
(197,'Lenny','Abrahamson'),
(198,'Leonard','Abrahamson'),
(199,'Khoren','Abrahamyan'),
(200,'Christopher','Abram'),
(201,'Luigi','Abramo'),
(202,'A. (I)','Abramov'),
(203,'Aleksandr','Abramov'),
(204,'Yefim','Abramov'),
(205,'Liza','Abramovic'),
(206,'Velimir','Abramovic'),
(207,'Veljko','Abramovic'),
(208,'Virginia','Abramovich'),
(209,'Amarante','Abramovici'),
(210,'Myriam','Abramowicz'),
(211,'Abiola','Abrams'),
(212,'Anthony','Abrams'),
(213,'J.J.','Abrams'),
(214,'Jerry','Abrams'),
(215,'Leon','Abrams'),
(216,'Tom','Abrams'),
(217,'David (II)','Abramson'),
(218,'Hans','Abramson'),
(219,'Ivan','Abramson'),
(220,'Neil','Abramson'),
(221,'Richard Gilbert','Abramson'),
(222,'Aluisio','Abranches'),
(223,'Bebeto','Abrantes'),
(224,'Alê','Abreu'),
(225,'Carlos Alberto','Abreu'),
(226,'Gilda de','Abreu'),
(227,'Herval','Abreu'),
(228,'José','Abreu'),
(229,'José Eduardo','Abreu'),
(230,'Letícia','Abreu'),
(231,'Rogerio','Abreu'),
(232,'Josef','Abrhám Jr.'),
(233,'Albert','Abril'),
(234,'Levi','Abrino'),
(235,'Edward M.','Abroms'),
(236,'Alberto','Abruzzese'),
(237,'Daniel','Absil'),
(238,'Emily','Abt'),
(239,'Michael','Abt'),
(240,'Magdy','Abu Emeira'),
(241,'Hussein','Abu Hassan'),
(242,'Hashim','Abu Iraq'),
(243,'Tawfik','Abu Wael'),
(244,'Kamla','Abu Zekry'),
(245,'A.T.','Abu'),
(246,'Hany','Abu-Assad'),
(247,'Jeff','Abugov'),
(248,'Antonio','Abujamra'),
(249,'Samir','Abujamra'),
(250,'Petras','Abukiavicus'),
(251,'Tengiz','Abuladze'),
(252,'Gonzalo','Aburto'),
(253,'Franco','Abussi'),
(254,'Eitan','Abut'),
(255,'Alon','Abutbul'),
(256,'Melis','Abzalov'),
(257,'Ismail','Acar'),
(258,'Kadriye','Acar'),
(259,'Félix','Acaso'),
(260,'Giuseppe','Accatino'),
(262,'Fulvio','Accialini'),
(263,'Angel','Acciaresi'),
(264,'Claude','Accursi'),
(265,'Alfonso','Acebal'),
(266,'Giselle','Aceremo'),
(267,'Joe','Aceti'),
(268,'Gonzalo','Acevedo Bernal'),
(269,'Álvaro','Acevedo Bernal'),
(270,'Antonio','Acevedo Hernández'),
(271,'Arturo','Acevedo Vallarino'),
(272,'Antonio (I)','Acevedo'),
(273,'David','Acevedo'),
(274,'Jorge','Acevedo'),
(275,'Juan Ignacio','Acevedo'),
(276,'Jon','Acevski'),
(277,'Wendy','Acey'),
(278,'Jorge','Acha'),
(279,'Juan Carlos','Acha'),
(280,'Jean','Achache'),
(281,'Laurent','Achard'),
(282,'Marcel (I)','Achard'),
(283,'N.R.','Acharya'),
(284,'Resh Raj','Acharya'),
(285,'Carl Ludwig','Achaz-Duisberg'),
(286,'Mark','Achbar'),
(287,'Claude','Ache'),
(288,'Stuart','Acher'),
(289,'Louisa','Achille'),
(290,'David','Achkar'),
(291,'Zackie','Achmat'),
(292,'Nan Triveni','Achnas'),
(293,'Daniel','Acht'),
(294,'David','Achtar'),
(295,'Dirk','Achten'),
(296,'Irma','Achten'),
(297,'Herbert','Achternbusch'),
(298,'Michael','Achtman'),
(299,'Walter','Achuga'),
(300,'Dejan','Acimovic'),
(301,'Dragoljub','Acimovic'),
(302,'Karpo','Acimovic-Godina'),
(303,'Andrej','Acin'),
(304,'Jovan','Acin'),
(305,'Omar','Ackbar'),
(306,'Ricky','Acker'),
(307,'Shane','Acker'),
(308,'Andy (I)','Ackerman'),
(309,'C. Fred','Ackerman'),
(310,'David (I)','Ackerman'),
(311,'Ed','Ackerman'),
(312,'Kevin (I)','Ackerman'),
(313,'Robert Allan','Ackerman'),
(314,'Rainer','Ackermann'),
(315,'Rodney','Ackland'),
(316,'Jill','Ackles'),
(317,'Claudia','Acklin'),
(318,'Barry','Ackroyd'),
(319,'Yevgeni','Acksenov'),
(320,'A.W.','Acland'),
(321,'David','Acomba'),
(322,'Rodrigo','Acosta Arreguin'),
(323,'Damián','Acosta Esparza'),
(324,'José','Acosta Nava'),
(325,'José Luis','Acosta Salmerón'),
(326,'Armando (II)','Acosta'),
(327,'Coco','Acosta'),
(328,'Danny','Acosta'),
(329,'Eduardo Coco','Acosta'),
(330,'Enrique (II)','Acosta'),
(331,'Ivan','Acosta'),
(332,'Javier','Acosta'),
(333,'Jorge','Acosta'),
(334,'José (I)','Acosta'),
(335,'José Luis','Acosta'),
(336,'Magdalena','Acosta'),
(337,'Rodrigo','Acosta'),
(338,'Xuan','Acosta'),
(339,'Luigi','Acquisto'),
(340,'Birt','Acres'),
(341,'Fabienne','Acs'),
(342,'Cecilia','Actis'),
(343,'Federico','Actis'),
(344,'Jonty','Acton'),
(345,'Brandon','Acton-Bond'),
(346,'Abbas','Acub'),
(347,'Pamela','Acuña Céspedes'),
(348,'Jesús','Acuña Lee'),
(349,'Ezequiel','Acuña'),
(350,'Nicolás','Acuña'),
(351,'Óscar','Acúrcio'),
(352,'Jack','Ad Din'),
(353,'Aleksandr','Adabashyan'),
(354,'Masao (I)','Adachi'),
(355,'Shinsei','Adachi'),
(356,'Chris','Adair'),
(357,'Dustin','Adair'),
(358,'Dwight','Adair'),
(359,'Peter (I)','Adair'),
(360,'Peter (II)','Adair'),
(361,'Homi','Adajania'),
(363,'Camil','Adam'),
(364,'Helmi','Adam'),
(365,'Jean-François','Adam'),
(367,'Peter (I)','Adam'),
(368,'Raphal','Adam'),
(369,'Raymond','Adam'),
(370,'Wojciech','Adamczyk'),
(371,'Jiøí','Adamec'),
(372,'Maciej','Adamek'),
(373,'Witold','Adamek'),
(374,'George','Adamescu'),
(375,'Giuseppe','Adami'),
(376,'Thomas','Adamicka'),
(377,'Kasia','Adamik'),
(378,'Laco','Adamik'),
(379,'Marios','Adamis'),
(380,'Troy','Adamitis'),
(382,'Michael','Adamo'),
(383,'Salvatore','Adamo'),
(384,'Thodoros','Adamopoulos'),
(385,'Galina','Adamovich'),
(386,'Anthony','Adams'),
(387,'Ash','Adams'),
(388,'Basil','Adams'),
(390,'Carl W.','Adams'),
(391,'Cary','Adams'),
(392,'Catlin','Adams'),
(393,'Daniel (I)','Adams'),
(394,'Dave (V)','Adams'),
(395,'David (XIII)','Adams'),
(396,'Don (I)','Adams'),
(397,'Don (II)','Adams'),
(398,'Doug (I)','Adams'),
(399,'Douglas','Adams'),
(400,'Ellen','Adams'),
(402,'Joe (III)','Adams'),
(403,'Jon (I)','Adams'),
(404,'Justin (IV)','Adams'),
(405,'Ken (I)','Adams'),
(406,'Lew V.','Adams'),
(407,'Luis','Adams'),
(408,'M. Clay','Adams'),
(409,'Marcus','Adams'),
(410,'Mark (VII)','Adams'),
(411,'Maud','Adams'),
(412,'Michael (V)','Adams'),
(416,'Mike (V)','Adams'),
(417,'Neil','Adams'),
(418,'Oriel Lester','Adams'),
(419,'Phillip','Adams'),
(420,'R.J.','Adams'),
(421,'Robert S.','Adams'),
(422,'Sainte Jose','Adams'),
(423,'Steven (I)','Adams'),
(425,'Wendall','Adams'),
(426,'Woquini','Adams'),
(427,'Zac','Adams'),
(428,'Al','Adamson'),
(429,'Andrew','Adamson'),
(430,'Frank (I)','Adamson'),
(431,'Jim (II)','Adamson'),
(432,'Joseph','Adamson'),
(433,'Mark','Adamson'),
(434,'Reginald','Adamson'),
(435,'Victor','Adamson'),
(437,'Pascal','Adant'),
(438,'Michael','Adante'),
(439,'Rafi','Adar'),
(440,'B.K.','Adarsh'),
(441,'Anton','Adasinsky'),
(442,'Mark','Adcock'),
(443,'W.','Adcook'),
(444,'Karim','Adda'),
(445,'Narayana Rao','Addala'),
(446,'Lisa','Addario'),
(447,'Mark','Adderley'),
(448,'A. Charles','Addessi'),
(449,'Charles A.','Addessi'),
(450,'Milo','Addica'),
(451,'Michael','Addis'),
(452,'Anita W.','Addison'),
(453,'Ray','Addison'),
(454,'Jus','Addiss'),
(455,'George','Ade'),
(456,'Maren','Ade'),
(457,'Andrew','Adeane'),
(458,'Ade','Adebegba'),
(459,'Moses Olaya','Adejumo'),
(460,'Antony','Adel'),
(461,'Charles (I)','Adelman'),
(462,'Joseph (I)','Adelman'),
(463,'Larry','Adelman'),
(464,'Alan','Adelson'),
(465,'Gary','Adelson'),
(466,'Steven A.','Adelson'),
(467,'Jon','Adelsten'),
(468,'Wale','Adenuga'),
(469,'Bayo','Aderohunmu'),
(470,'Lisa','Ades'),
(471,'Richard','Ades'),
(472,'Alfons','Adetuyi'),
(473,'Robert','Adetuyi'),
(474,'Akash','Adhikari'),
(475,'Gautam','Adhikari'),
(477,'Adel','Adib'),
(478,'Pierre','Adidge'),
(479,'Vishwamitter','Adil'),
(480,'Ugo','Adilardi'),
(481,'Nobu','Adilman'),
(482,'Anil','Adithyan'),
(483,'K.S.','Adiyaman'),
(484,'Jayan','Adiyatt'),
(485,'Marc','Adjadj'),
(486,'Egbert','Adjesu'),
(487,'David','Adkin'),
(488,'Terry','Adlam'),
(489,'André José','Adler'),
(490,'Carine','Adler'),
(491,'Charles (I)','Adler'),
(492,'Duane','Adler'),
(493,'Gilbert','Adler'),
(494,'Helmer','Adler'),
(495,'Janet (I)','Adler'),
(496,'Jerry (II)','Adler'),
(497,'Joseph','Adler'),
(498,'Keith','Adler'),
(499,'Lou','Adler'),
(500,'Marc F.','Adler'),
(501,'Nati','Adler'),
(502,'Oran','Adler'),
(503,'William F.','Adler'),
(504,'Zackary','Adler'),
(505,'Natti','Adlers'),
(506,'Horst Manfred','Adloff'),
(507,'Felix O.','Adlon'),
(508,'Percy','Adlon'),
(509,'Ed','Adlum'),
(510,'Nikhil','Adnani'),
(511,'David','Adnopaz'),
(512,'John G.','Adolfi'),
(513,'Inga','Adolfsson'),
(514,'Jörg','Adolph'),
(515,'Edvin','Adolphson'),
(516,'Nijole','Adomenaite'),
(517,'Troy','Adomitis'),
(518,'Frank','Adonis'),
(519,'Kala','Adoor'),
(520,'Franklin','Adreon'),
(521,'Lorenzo','Adria'),
(522,'Jeannice','Adriaansens'),
(523,'Marc','Adrian'),
(524,'Michael (I)','Adrian'),
(525,'Beatriz','Adriana'),
(526,'Stuart','Adriance'),
(527,'Ariane','Adriani'),
(528,'Carlos','Adriano'),
(529,'Francisco','Adrianzén'),
(530,'Andrea','Adriatico'),
(531,'Gilles','Adrien'),
(532,'Paulo Mauricio','Adrião'),
(533,'Chris','Adshead'),
(534,'Jab','Adu'),
(535,'Newton I.','Aduaka'),
(536,'Jagatrai Pesumal','Advani'),
(537,'Kailesh','Advani'),
(538,'Nikhil','Advani'),
(539,'Aleksandar','Adzic'),
(540,'Vladimír','Adásek'),
(541,'Dan','Aeberhard'),
(542,'Saiphin','Aeberli'),
(543,'Simon','Aeby'),
(544,'Werner','Aellen'),
(545,'William','Aerts'),
(546,'John','Aes-Nihil'),
(547,'Emyr','Afan'),
(548,'Jerzy','Afanasjew'),
(549,'Sergei','Afanasyev'),
(550,'Yuri','Afanasyev'),
(551,'Ben','Affleck'),
(552,'Neil','Affleck'),
(553,'Jason','Affolder'),
(554,'Behruz','Afkhami'),
(555,'Henry','Aflecht'),
(556,'Kleber','Afonso'),
(557,'Alan','Afriat'),
(558,'Vjekoslav','Afric'),
(559,'Ahmad','Afsaneh'),
(560,'Musa','Afshar'),
(561,'Richard','Afton'),
(562,'Mahnaz','Afzali'),
(563,'Mukhtar','Aga-Mirzayev'),
(564,'Arnold','Agababov'),
(565,'Edmond','Agabra'),
(566,'Baruch','Agadati'),
(567,'Nina','Agadzhanova'),
(569,'Laurie','Agard'),
(570,'K.C.','Agarwal'),
(571,'Sharan','Agarwal'),
(572,'Shyam Sundar','Agarwal'),
(573,'Jyotiprasad','Agarwala'),
(574,'Morio','Agata'),
(575,'Georgis','Agathonikiadis'),
(576,'Mikael','Agaton'),
(577,'Paolo','Agazzi'),
(578,'Joey','Agbayani'),
(579,'Leo','Age'),
(580,'Steve','Agee'),
(581,'Kiriakos','Agelakos'),
(582,'Stella','Aggelaki'),
(583,'Gay','Aggeli'),
(584,'Antonis','Aggelopoulos'),
(585,'Anders','Agger'),
(586,'Jalal','Agha'),
(587,'S.M.','Agha'),
(588,'Shah G.','Agha'),
(589,'Armaees','Aghamaliyan'),
(590,'Hekmat','Aghanikyan'),
(591,'Anne','Aghion'),
(592,'Gabriel','Aghion'),
(593,'Arend','Aghte'),
(594,'Nick','Agiashvili'),
(595,'Yasha','Aginsky'),
(596,'Aleksandr','Agishev'),
(597,'Phil','Agland'),
(598,'Steve','Agland'),
(599,'Giorgio','Agliani'),
(600,'Antonello','Aglioti'),
(601,'Sigurd','Agnell'),
(602,'Alice','Agneskirchner'),
(603,'Gary','Agnew'),
(604,'Joss','Agnew'),
(605,'Mike','Agnew'),
(606,'Atul','Agnihotri'),
(607,'Sunil','Agnihotri'),
(608,'Jean-Michel','Agnoux'),
(609,'Knut','Agnred'),
(610,'Ignazio','Agosta'),
(611,'Silvano','Agosti'),
(612,'Philippe','Agostini'),
(613,'David','Agosto'),
(614,'Juliana','Agosto'),
(615,'Frank','Agrama'),
(616,'N.B.','Agrami'),
(617,'Zakhar','Agranenko'),
(618,'Leonid','Agranovich'),
(619,'Mikhail','Agranovich'),
(620,'Manoj','Agrawal'),
(621,'Alejandro','Agresti'),
(622,'Steen','Agro'),
(623,'Manuel','Aguado'),
(624,'Victorio','Aguado'),
(625,'Luizi','Agudelo'),
(626,'Diego','Agudo'),
(627,'Xavier','Agudo'),
(628,'Blanca','Aguerra'),
(629,'Roberto','Aguerre'),
(630,'Carlos (II)','Aguiar'),
(631,'Sindoval','Aguiar'),
(632,'Carlos','Aguilar Navarro'),
(633,'Antonio','Aguilar Vicente'),
(634,'Fernando','Aguilar Vásquez'),
(635,'Claudia Eliza','Aguilar'),
(636,'Eduardo (I)','Aguilar'),
(637,'Eduardo (II)','Aguilar'),
(638,'Enrique (II)','Aguilar'),
(639,'Ernesto','Aguilar'),
(640,'Fabrizio','Aguilar'),
(641,'Gustavo','Aguilar'),
(642,'Hernan','Aguilar'),
(643,'José Luis (II)','Aguilar'),
(644,'Juan C.','Aguilar'),
(645,'Martin L.','Aguilar'),
(646,'Paco','Aguilar'),
(647,'Paulina (II)','Aguilar'),
(648,'Rolando','Aguilar'),
(649,'Roser','Aguilar'),
(650,'Sandra','Aguilar'),
(651,'Sandra Luz','Aguilar'),
(652,'Sandro','Aguilar'),
(653,'Santiago (I)','Aguilar'),
(654,'Félix','Aguilera'),
(655,'Jorge','Aguilera'),
(656,'Rómulo','Aguillaume'),
(657,'Amable','Aguiluz'),
(658,'Francisco','Aguiló'),
(659,'Michael','Aguiló'),
(660,'Luis','Aguirre H.'),
(661,'Alberto','Aguirre'),
(662,'Daniel (II)','Aguirre'),
(663,'Esteban','Aguirre'),
(664,'Fernando (II)','Aguirre'),
(665,'Héctor Fabio','Aguirre'),
(666,'Ignacio (II)','Aguirre'),
(667,'Javier (I)','Aguirre'),
(668,'Jeffery','Aguirre'),
(669,'John P.','Aguirre'),
(670,'Jonathan C.','Aguirre'),
(671,'Jorge (I)','Aguirre'),
(672,'Monti','Aguirre'),
(673,'Rubén','Aguirre'),
(674,'Salvador','Aguirre'),
(675,'Mikel','Aguirresarobe'),
(676,'Mario','Aguiñaga'),
(677,'Mónica','Agulló'),
(678,'Andrés','Agustí'),
(679,'José','Agustín'),
(680,'Martín','Aguyé'),
(681,'Yuldash','Agzamov'),
(682,'Ignacio','Agüero'),
(683,'Luis Eduardo','Agüero'),
(684,'Lawrence','Ah Mon'),
(685,'Lun','Ah'),
(686,'Morteza','Ahadi'),
(687,'Shunit','Aharoni'),
(688,'P.','Ahathiay'),
(689,'Charlie','Ahearn'),
(690,'David','Ahearn'),
(691,'Joe','Ahearne'),
(692,'Neal','Ahern Jr.'),
(693,'Caroline','Aherne'),
(694,'Hori','Ahipene'),
(696,'Todd','Ahlberg'),
(697,'Ulf','Ahlberg'),
(698,'Joey','Ahlbum'),
(699,'Ansgar','Ahlers'),
(700,'Sorrel','Ahlfeld'),
(701,'Lars','Ahlin'),
(702,'Kerstin','Ahlrichs'),
(703,'Arvo','Ahlroos'),
(704,'Herman','Ahlsell'),
(705,'Börje','Ahlstedt'),
(706,'Ashim','Ahluwalia'),
(707,'H.','Ahluwalia'),
(708,'Sukhdev','Ahluwalia'),
(709,'Khalid (I)','Ahmad'),
(710,'Yasmin','Ahmad'),
(711,'Manoucher','Ahmadi'),
(712,'Mohamad','Ahmadi'),
(713,'Safoura','Ahmadi'),
(714,'Babar','Ahmed'),
(715,'Fareed','Ahmed'),
(716,'Faruque','Ahmed'),
(717,'Humayun','Ahmed'),
(718,'Kamal','Ahmed'),
(719,'Kanwar Aftab','Ahmed'),
(720,'Mohsen','Ahmed'),
(721,'Mukhtar','Ahmed'),
(722,'Saghir','Ahmed'),
(723,'Sultan','Ahmed'),
(724,'Tanvir (II)','Ahmed'),
(725,'Wahid-ud-din Zia-ud-din','Ahmed'),
(726,'Adi','Ahmet Imamovic'),
(727,'Byeong-ki','Ahn'),
(728,'Dal-ho','Ahn'),
(729,'Hyeon-cheol','Ahn'),
(730,'Jin-woo','Ahn'),
(731,'Kwon-tae','Ahn'),
(732,'Phillip','Ahn'),
(733,'Seung-ho','Ahn'),
(734,'Tae-geun (II)','Ahn'),
(735,'Michael','Ahnemann'),
(736,'Dirk','Ahner'),
(737,'Heikki','Aho'),
(738,'Mike','Aho'),
(739,'Heikki','Ahola'),
(740,'Aline','Ahond'),
(741,'Michalis','Ahouriotis'),
(742,'Chad','Ahrendt'),
(743,'Marcel','Ahrens'),
(744,'Elof','Ahrle'),
(745,'Marianne','Ahrne'),
(746,'Eija-Liisa','Ahtila'),
(747,'Ashok','Ahuja'),
(748,'Ramesh','Ahuja'),
(749,'Peggy','Ahwesh'),
(750,'Shui','Ai'),
(751,'Óscar','Aibar'),
(752,'Ricardo','Aibéo'),
(753,'Andreas','Aichmayr'),
(754,'Youssouff','Aidaby'),
(755,'Athena','Aidini'),
(756,'Katie','Aidley'),
(757,'Danny','Aiello III'),
(758,'Dennis','Aig'),
(759,'Thomas','Aigelsreiter'),
(760,'Shafi','Aijaz'),
(761,'Chris','Aikenhead'),
(762,'Susana','Aikin'),
(763,'Anthony','Aikman'),
(764,'Geert','Aillet'),
(765,'Michael','Ailwood'),
(766,'David','Aimedieu'),
(767,'Michael','Aimette'),
(768,'Shirikiana','Aina'),
(769,'David','Ainley'),
(770,'Satoru','Ainoda'),
(771,'Karim','Ainouz'),
(772,'Damián','Ainstein'),
(773,'Andrew','Ainsworth'),
(774,'John (I)','Ainsworth'),
(775,'Scott','Ainsworth'),
(776,'Sergej','Ainutdinov'),
(777,'Luis','Aira'),
(778,'Boris','Airapetyan'),
(779,'Belinda','Aird'),
(780,'Jeremy','Airey'),
(781,'Anto','Airlangga'),
(782,'Henri','Aisner'),
(783,'Andrew','Aitken'),
(784,'Doug (II)','Aitken'),
(785,'Sally','Aitken'),
(786,'Simon','Aitken'),
(787,'Mary','Aitkin'),
(788,'Rob','Aitro'),
(789,'Amanzhol','Aituarov'),
(790,'Alain d','Aix'),
(791,'Mark','Aizenberg'),
(792,'Óscar','Aizpeolea'),
(794,'Alexandre','Aja'),
(795,'Jamika','Ajalon'),
(796,'Jocelyn M.','Ajami'),
(797,'Midhat','Ajanovic'),
(798,'K.','Ajayakumar'),
(799,'Milorad','Ajdic'),
(800,'Manuel R.','Ajenjo'),
(801,'Shaken','Ajmanov'),
(802,'Nazir','Ajmeri'),
(803,'Farouk','Ajrama'),
(804,'Farough','Ajrame'),
(805,'Edina','Ajrulovski'),
(806,'Miguel Ángel','Ajuria'),
(807,'Kom','Akadaet'),
(808,'Steve','Akahoshi'),
(809,'Alev','Akakar'),
(810,'JoAnne','Akalaitis'),
(811,'H.','Akamatsu'),
(812,'Masakazu','Akan'),
(813,'Kazuki','Akane'),
(814,'Serdar','Akar'),
(815,'Farough','Akarame'),
(816,'Akarapol','Akarasaranee'),
(817,'Pisan','Akaraseni'),
(818,'Atilla','Akarsu'),
(819,'Makaharu','Akasa'),
(820,'Chogi','Akasaka'),
(821,'Koreyoshi','Akasaka'),
(822,'Nagayoshi','Akasaka'),
(823,'Lutfu','Akat'),
(824,'Ezel','Akay'),
(825,'Ali','Akbar Sadeghi'),
(826,'Ali','Akbar'),
(827,'S.A.','Akbar'),
(828,'Aydemir','Akbas'),
(829,'Hicri','Akbasli'),
(830,'Veli','Akbasli'),
(831,'Jacques','Akchoti'),
(832,'Vedat','Akdikmen'),
(833,'Masayuki','Akehi'),
(834,'Kevin','Akehurst'),
(835,'Masayuki','Akemi'),
(836,'Chantal','Akerman'),
(837,'Steve','Akerman'),
(838,'Michael D.','Akers'),
(839,'Valeri','Akhadov'),
(840,'Farhan','Akhtar'),
(841,'Khalid','Akhtar'),
(842,'N.E.','Akhtar'),
(843,'Zoya','Akhtar'),
(844,'Sara','Akhteh'),
(845,'Nino','Akhvlediani'),
(846,'Keizo','Aki'),
(847,'Masayuki','Akihiro'),
(848,'Ali','Akika'),
(849,'Salim','Akil'),
(850,'Kiyoaki','Akimoto'),
(851,'Yasushi (I)','Akimoto'),
(852,'Nikolay','Akimov'),
(853,'Fatih','Akin'),
(854,'Mohamed Lamine','Akin'),
(855,'Tancan','Akin'),
(856,'Sam','Akina'),
(857,'Bülent','Akinci'),
(858,'Nuri','Akinci'),
(859,'David','Akins'),
(860,'Omonike','Akinyemi'),
(861,'Stanley','Akira'),
(862,'Katsuhito','Akiyama'),
(863,'Mitchell','Akiyama'),
(864,'Tomo','Akiyama'),
(865,'Yutaka','Akiyama'),
(866,'Malek','Akkad'),
(867,'Malek Stephen','Akkad'),
(868,'Moustapha','Akkad'),
(869,'Sinan','Akkus'),
(870,'Samer','Akl'),
(871,'Nicky Arezu','Akmal'),
(872,'Jim','Akman'),
(873,'Nisan','Akman'),
(874,'Arzu','Akmansoy'),
(875,'Tekin','Akmansoy'),
(876,'Pierre','Aknine'),
(877,'John','Akomfrah'),
(878,'Greg','Akopyan'),
(879,'Joseph','Akouissone'),
(880,'Tekin','Akpolat'),
(881,'Jamsheed','Akrami'),
(882,'Ahmed','Aksas'),
(883,'Ivan','Aksenchuk'),
(884,'Faruk','Aksoy'),
(885,'Fatih','Aksoy'),
(886,'Orhan','Aksoy'),
(887,'Vitali','Aksyonov'),
(888,'Irina','Aktasheva'),
(889,'Tetsuo','Akutsu'),
(890,'Taner','Akvardar'),
(891,'Cem','Akyoldas'),
(892,'Ali','Al Ariss'),
(893,'Inas','Al Degheidy'),
(895,'Hassan','Al Imam'),
(896,'Mohamed','Al Kaliouby'),
(897,'Khairiya','Al Mansour'),
(898,'Mahmoud','al Massad'),
(899,'Naguib','Al Rihani'),
(900,'Ammar','Al Sharbaji'),
(901,'Khalid','Al Siddiq'),
(902,'Ahmad','Al Tukhi'),
(904,'Attiyat','Al-Abnudi'),
(905,'Samer','Al-Asadi'),
(906,'Kamel','Al-Azzawi'),
(907,'Khalid','Al-Haggar'),
(908,'Omar','Al-Issawi'),
(909,'Muhammad','al-Najjar'),
(910,'Fareed','Al-Oboudi'),
(911,'Haidar','Al-Omar'),
(912,'Omar','Al-Qattan'),
(913,'Omar','Al-Quattan'),
(914,'Waha','Al-Raheb'),
(915,'Naim','Al-Safi'),
(916,'Abdel Khalak','Al-Samorrani'),
(917,'Hussein','Al-Samorrani'),
(918,'Kamal','Al-Shennawi'),
(919,'Kamil','al-Talmassani'),
(920,'Bassam','Al-Thawadi'),
(921,'Kamal','Al-Wabi'),
(922,'Munir','Al-Yasin'),
(923,'Muhammad Munir','Al-Yassine'),
(924,'Faisal','Al-Yassiri'),
(925,'Osama','Al-Zain'),
(926,'Sobi','al-Zobaidi'),
(927,'Hisham','al-Zouki'),
(928,'Tunde','Alabi'),
(929,'Züli','Aladag'),
(930,'Jay','Alaimo'),
(931,'Louise','Alaimo'),
(932,'Carolle','Alain'),
(933,'Gina','Alajar'),
(934,'Jari','Alakoskela'),
(935,'Buket','Alakus'),
(936,'Tasos','Alamanos'),
(937,'Lara','Alameddine'),
(938,'Reza','Alamehzadeh'),
(939,'John','Alamo'),
(940,'Mauricio','Alamo'),
(941,'Alex','Alamul'),
(943,'Jordan','Alan'),
(944,'Lee','Alan'),
(945,'P.','Alan'),
(946,'Antonio T.','Alanis'),
(947,'Mikko','Alanne'),
(948,'Keltoum','Alaoui'),
(949,'Borhane','Alaouié'),
(950,'Federico','Alarcon'),
(951,'Rafael','Alarcón'),
(952,'Sebastián','Alarcón'),
(953,'Philippe','Alard'),
(954,'Guillermo Jaime','Alarid'),
(955,'James','Alario'),
(956,'Albert','Alarr'),
(957,'Amelia','Alas'),
(958,'Moustapha','Alassane'),
(959,'Zeki','Alasya'),
(960,'Gustavo','Alatriste'),
(961,'Rodolfo Riva Palacio','Alatriste'),
(962,'Raja Ahmad','Alauddin'),
(963,'David','Alaux'),
(964,'Myriam','Alaux'),
(965,'Fouad','Alaywan'),
(966,'José Ángel','Alayón'),
(967,'Benito','Alazraki'),
(968,'Christian','Alba'),
(969,'Federico','Alba'),
(970,'Juana Macías','Alba'),
(971,'R.D.','Alba'),
(972,'Alfonso','Albacete'),
(973,'R. Greg','Albach'),
(974,'Angeles','Albadalejo'),
(975,'David','Albahari'),
(976,'Zarul','Albakri'),
(977,'Luis Miguel','Albaladejo'),
(978,'Antonio','Albanese'),
(979,'Cynthia','Albanese'),
(980,'Giovanni','Albanese'),
(981,'Gabriele','Albanesi'),
(982,'Marcello','Albani'),
(983,'Gianfranco','Albano'),
(984,'João','Albano'),
(985,'Vicente','Albarracín'),
(986,'Tim','Albee'),
(987,'Dominik','Alber'),
(988,'Kevin','Alber'),
(989,'Ghigo','Alberani'),
(990,'Agustín','Alberdi'),
(991,'Claudia','Alberdi'),
(992,'Enrique','Alberich'),
(993,'Ferrán','Alberich'),
(994,'Salvador de','Alberich'),
(995,'Filoteo','Alberini'),
(996,'Nicolas','Alberny'),
(997,'Carles','Alberola'),
(998,'Simon','Alberry'),
(999,'Frank','Albers'),
(1000,'Karin','Albers')


/*
CREATE AND INSERT VALUES INTO DIRECTORS_GENRE TABLE 
*/
     				



USE [imdb]
GO

CREATE TABLE [dbo].[directors_genres](
	[director_id] [int] NOT NULL,
	[genre] [varchar](100) NOT NULL,
	[prob] [float] NULL
	)
	

INSERT INTO directors_genres VALUES 	
(2,'Short',1),
(3,'Drama',1),
(5,'Documentary',1),
(6,'Drama',1),
(8,'Action',0.666667),
(8,'Adventure',0.037037),
(8,'Comedy',0.185185),
(8,'Crime',0.148148),
(8,'Drama',0.592593),
(8,'Family',0.407407),
(8,'Romance',0.222222),
(8,'Thriller',0.111111),
(10,'Comedy',1),
(10,'Short',1),
(11,'Drama',1),
(12,'Comedy',1),
(16,'Short',1),
(18,'Animation',1),
(18,'Comedy',1),
(18,'Short',1),
(20,'Documentary',1),
(21,'Documentary',1),
(22,'Comedy',0.125),
(22,'Crime',0.125),
(22,'Documentary',0.25),
(22,'Drama',0.625),
(22,'Thriller',0.375),
(23,'Horror',1),
(23,'Thriller',1),
(26,'Action',0.5),
(26,'Family',0.5),
(26,'Sci-Fi',0.5),
(26,'Short',0.5),
(28,'Animation',1),
(28,'Short',1),
(31,'Action',0.0909091),
(31,'Comedy',0.363636),
(31,'Crime',0.181818),
(31,'Drama',0.545455),
(31,'Family',0.0909091),
(31,'Romance',0.181818),
(32,'Drama',1),
(33,'Documentary',0.5),
(33,'Short',0.5),
(35,'Drama',1),
(37,'Action',0.4),
(37,'Adventure',0.2),
(37,'Comedy',0.2),
(37,'Crime',0.6),
(37,'Drama',0.4),
(37,'Romance',0.2),
(37,'Short',0.4),
(38,'Short',1),
(40,'Documentary',1),
(40,'Short',1),
(41,'Comedy',1),
(42,'Comedy',0.666667),
(42,'Drama',0.333333),
(43,'Documentary',1),
(44,'Short',1),
(45,'Documentary',0.25),
(45,'Short',0.75),
(46,'Animation',1),
(46,'Family',1),
(46,'Short',1),
(47,'Drama',1),
(47,'Short',1),
(48,'Adventure',1),
(50,'Drama',1),
(50,'Romance',1),
(51,'Comedy',0.5),
(51,'Drama',0.5),
(51,'Musical',0.5),
(51,'War',0.5),
(52,'Comedy',0.666667),
(52,'Drama',0.333333),
(52,'Short',0.666667),
(52,'Thriller',0.333333),
(53,'Action',0.2),
(53,'Comedy',0.2),
(53,'Drama',0.8),
(53,'Romance',0.2),
(53,'War',0.2),
(54,'Drama',1),
(55,'Adventure',1),
(55,'Comedy',1),
(55,'Drama',1),
(56,'Drama',0.25),
(56,'Short',0.75),
(58,'Drama',0.5),
(58,'Short',1),
(59,'Adventure',0.1),
(59,'Documentary',0.7),
(59,'Drama',0.2),
(59,'Family',0.1),
(59,'Romance',0.05),
(59,'Short',0.4),
(61,'Action',0.5),
(61,'Drama',0.5),
(61,'Family',0.5),
(62,'Drama',0.666667),
(62,'Short',0.333333),
(62,'War',0.333333),
(63,'Documentary',1),
(63,'Short',1),
(67,'Comedy',1),
(68,'Comedy',1),
(68,'Documentary',1),
(70,'Action',1),
(70,'Crime',1),
(70,'Drama',1),
(70,'Musical',1),
(71,'Documentary',1),
(71,'Horror',0.166667),
(72,'Western',1),
(73,'Drama',1),
(73,'Family',1),
(73,'Mystery',1),
(73,'War',1),
(74,'Comedy',0.75),
(74,'Documentary',0.25),
(74,'Short',0.5),
(75,'Adventure',0.0769231),
(75,'Comedy',0.307692),
(75,'Drama',0.538462),
(75,'Musical',0.230769),
(75,'Romance',0.307692),
(75,'Short',0.153846),
(76,'Documentary',1),
(79,'Documentary',1),
(79,'Short',1),
(80,'Comedy',1),
(80,'Drama',1),
(80,'Short',1),
(81,'Comedy',1),
(81,'Documentary',0.5),
(83,'Short',1),
(84,'Documentary',1),
(86,'Short',1),
(87,'Animation',0.5),
(87,'Comedy',0.5),
(87,'Drama',0.5),
(87,'Family',0.5),
(88,'Documentary',1),
(89,'Comedy',1),
(89,'Crime',0.666667),
(89,'Drama',1),
(89,'Romance',1),
(92,'Comedy',0.5),
(92,'Drama',0.5),
(92,'Musical',0.5),
(92,'Thriller',0.5),
(93,'Action',0.142857),
(93,'Comedy',0.571429),
(93,'Drama',0.428571),
(93,'Musical',0.285714),
(93,'Romance',0.428571),
(97,'Drama',1),
(97,'Romance',1),
(98,'Animation',1),
(98,'Family',0.5),
(99,'Drama',1),
(100,'Drama',1),
(100,'Romance',1),
(103,'Documentary',1),
(103,'Short',1),
(104,'Crime',0.1),
(104,'Drama',1),
(104,'War',0.1),
(105,'Short',1),
(107,'Short',1),
(108,'Drama',1),
(109,'Action',1),
(110,'Short',1),
(111,'Drama',0.6),
(111,'Short',0.4),
(112,'Documentary',1),
(112,'War',1),
(113,'Animation',1),
(114,'Short',1),
(115,'Action',0.5),
(115,'Animation',1),
(115,'Comedy',0.5),
(115,'Family',0.5),
(115,'Fantasy',1),
(116,'Animation',1),
(116,'Comedy',1),
(116,'Fantasy',1),
(116,'Short',1),
(118,'Action',1),
(118,'Adventure',1),
(118,'Animation',1),
(118,'Comedy',1),
(118,'Drama',1),
(118,'Short',1),
(119,'Animation',1),
(119,'Fantasy',1),
(119,'Musical',1),
(119,'Short',1),
(121,'Comedy',1),
(121,'Family',1),
(122,'Comedy',0.25),
(122,'Drama',0.75),
(122,'Romance',0.25),
(122,'War',0.25),
(123,'Short',1),
(124,'Crime',0.375),
(124,'Documentary',0.25),
(124,'Drama',0.125),
(124,'Family',0.125),
(124,'Horror',0.5),
(124,'Mystery',0.75),
(124,'Short',0.625),
(124,'Thriller',0.5),
(125,'Animation',1),
(125,'Short',1),
(126,'Documentary',1),
(127,'Comedy',1),
(129,'Comedy',0.2),
(129,'Documentary',0.4),
(129,'Drama',0.4),
(129,'Musical',0.2),
(129,'Romance',0.2),
(129,'Short',0.6),
(130,'Comedy',1),
(131,'Documentary',1),
(131,'Music',0.75),
(132,'Drama',1),
(132,'Romance',1),
(135,'Drama',1),
(135,'Short',1),
(137,'Drama',1),
(137,'Short',1),
(138,'Documentary',1),
(139,'Documentary',0.666667),
(139,'Short',0.333333),
(140,'Action',0.0526316),
(140,'Comedy',0.105263),
(140,'Crime',0.0526316),
(140,'Drama',0.894737),
(140,'Romance',0.368421),
(141,'Comedy',1),
(141,'Musical',1),
(144,'Documentary',1),
(145,'Drama',1),
(146,'Documentary',1),
(146,'Short',1),
(148,'Animation',0.5),
(148,'Short',0.5),
(149,'Drama',0.333333),
(149,'Music',0.333333),
(149,'Short',0.333333),
(149,'Thriller',0.333333),
(150,'Horror',1),
(150,'Thriller',1),
(151,'Drama',0.75),
(151,'Family',0.25),
(151,'Romance',0.5),
(151,'Short',0.25),
(152,'Drama',0.5),
(152,'Music',0.5),
(152,'Short',0.5),
(157,'Short',1),
(159,'Drama',1),
(164,'Documentary',1),
(165,'Action',0.0606061),
(165,'Adventure',0.030303),
(165,'Comedy',0.030303),
(165,'Documentary',0.818182),
(165,'Drama',0.151515),
(165,'Short',0.878788),
(165,'Western',0.030303),
(166,'Drama',1),
(166,'Romance',0.5),
(168,'Documentary',1),
(168,'Short',1),
(169,'Comedy',1),
(169,'Short',1),
(171,'Animation',1),
(171,'Short',1),
(172,'Documentary',1),
(173,'Documentary',1),
(174,'Animation',1),
(174,'Comedy',0.333333),
(174,'Short',1),
(175,'Comedy',1),
(177,'Comedy',0.666667),
(177,'Drama',0.333333),
(177,'Fantasy',0.333333),
(177,'Romance',0.666667),
(178,'Short',1),
(179,'Documentary',1),
(179,'Short',1),
(180,'Comedy',1),
(181,'Action',0.333333),
(181,'Crime',0.333333),
(181,'Drama',0.666667),
(181,'Musical',0.333333),
(181,'Romance',0.666667),
(181,'Thriller',0.333333),
(183,'Comedy',1),
(183,'Crime',1),
(184,'Drama',1),
(185,'Comedy',1),
(187,'Comedy',1),
(187,'Short',1),
(188,'Documentary',1),
(188,'Short',0.333333),
(189,'Comedy',1),
(193,'Action',0.1),
(193,'Adventure',0.133333),
(193,'Crime',0.0333333),
(193,'Drama',0.1),
(193,'Musical',0.1),
(193,'Mystery',0.0333333),
(193,'Short',0.0333333),
(193,'Western',0.833333),
(194,'Action',0.3),
(194,'Comedy',0.8),
(194,'Crime',0.2),
(194,'Drama',0.3),
(194,'Romance',0.1),
(194,'War',0.2),
(197,'Comedy',1),
(197,'Drama',1),
(198,'Short',1),
(199,'Drama',1),
(200,'Horror',1),
(201,'Short',1),
(202,'Comedy',1),
(203,'Crime',0.333333),
(203,'Drama',0.333333),
(203,'Short',0.333333),
(204,'Drama',1),
(206,'Drama',1),
(207,'Documentary',1),
(207,'Short',1),
(208,'Short',1),
(209,'Documentary',1),
(209,'Short',1),
(210,'Documentary',1),
(211,'Documentary',0.333333),
(211,'Drama',0.333333),
(211,'Romance',0.333333),
(211,'Short',1),
(212,'Comedy',1),
(212,'Drama',1),
(212,'Romance',1),
(213,'Action',1),
(213,'Adventure',1),
(213,'Mystery',1),
(213,'Thriller',1),
(214,'Short',1),
(216,'Short',1),
(217,'Comedy',1),
(217,'Short',1),
(218,'Comedy',0.333333),
(218,'Drama',0.333333),
(218,'Short',0.333333),
(219,'Drama',1),
(220,'Comedy',0.5),
(220,'Drama',0.5),
(221,'Documentary',1),
(221,'Music',1),
(222,'Drama',1),
(223,'Documentary',1),
(224,'Animation',1),
(224,'Short',1),
(225,'Comedy',1),
(226,'Drama',1),
(230,'Documentary',1),
(230,'Short',1),
(232,'Documentary',1),
(233,'Drama',1),
(234,'Comedy',1),
(234,'Short',1),
(235,'Crime',0.666667),
(235,'Drama',1),
(235,'Mystery',0.666667),
(236,'Horror',1),
(237,'Documentary',1),
(237,'Short',1),
(238,'Drama',1),
(238,'Short',1),
(239,'Short',1),
(242,'Animation',1),
(242,'Documentary',1),
(242,'War',1),
(243,'Drama',1),
(243,'Short',0.5),
(244,'Comedy',1),
(244,'Romance',1),
(246,'Action',0.2),
(246,'Comedy',0.4),
(246,'Documentary',0.2),
(246,'Drama',0.4),
(246,'Mystery',0.2),
(246,'Romance',0.2),
(246,'War',0.2),
(247,'Comedy',1),
(247,'Sci-Fi',1),
(249,'Short',1),
(250,'Adventure',1),
(251,'Comedy',0.125),
(251,'Documentary',0.25),
(251,'Drama',0.625),
(251,'Family',0.125),
(251,'Romance',0.25),
(252,'Short',1),
(253,'Comedy',1),
(256,'Comedy',0.5),
(256,'Drama',0.5),
(257,'Drama',1),
(257,'Short',1),
(258,'Action',1),
(258,'Documentary',1),
(258,'Short',1),
(259,'Comedy',0.333333),
(259,'Drama',0.666667),
(259,'Short',0.333333),
(263,'Comedy',0.5),
(263,'Documentary',0.25),
(263,'Drama',0.25),
(263,'Musical',0.25),
(265,'Documentary',1),
(265,'Short',1),
(266,'Short',1),
(268,'Documentary',0.75),
(268,'Short',0.75),
(269,'Documentary',1),
(269,'Short',0.666667),
(271,'Drama',1),
(271,'Romance',1),
(272,'Music',1),
(273,'Documentary',1),
(274,'Documentary',1),
(274,'Short',1),
(275,'Documentary',1),
(275,'Short',1),
(276,'Adventure',1),
(276,'Animation',1),
(276,'Fantasy',1),
(276,'Musical',1),
(278,'Drama',1),
(281,'Short',1),
(282,'Comedy',1),
(282,'Musical',0.5),
(286,'Documentary',1),
(286,'Short',0.25),
(287,'Crime',1),
(287,'Thriller',1),
(288,'Comedy',0.333333),
(288,'Documentary',0.333333),
(288,'Sci-Fi',0.333333),
(288,'Short',0.666667),
(288,'Thriller',0.333333),
(289,'Documentary',1),
(290,'Documentary',1),
(291,'Documentary',1),
(292,'Action',0.2),
(292,'Comedy',0.2),
(292,'Documentary',0.4),
(292,'Drama',0.4),
(292,'Family',0.2),
(292,'Short',0.4),
(293,'Comedy',1),
(295,'Drama',1),
(296,'Comedy',0.333333),
(296,'Drama',0.333333),
(296,'Musical',0.333333),
(296,'Romance',0.333333),
(297,'Comedy',0.4),
(297,'Drama',0.4),
(297,'Short',0.4),
(298,'Short',1),
(299,'Short',1),
(300,'Crime',1),
(300,'Drama',1),
(301,'Short',1),
(302,'Documentary',0.454545),
(302,'Drama',0.181818),
(302,'Short',0.636364),
(303,'Drama',1),
(303,'Short',1),
(304,'Comedy',0.125),
(304,'Documentary',0.125),
(304,'Drama',0.625),
(304,'Romance',0.125),
(304,'Short',0.25),
(305,'Comedy',1),
(306,'Drama',1),
(307,'Animation',1),
(307,'Comedy',0.5),
(307,'Short',1),
(309,'Documentary',1),
(309,'Drama',0.25),
(309,'Short',1),
(309,'War',0.25),
(310,'Comedy',1),
(310,'Short',1),
(311,'Animation',1),
(311,'Documentary',1),
(311,'Short',1),
(313,'Drama',1),
(313,'Musical',0.1),
(314,'Drama',1),
(315,'Drama',1),
(318,'Short',1),
(320,'Documentary',1),
(320,'Short',1),
(321,'Adventure',0.166667),
(321,'Comedy',0.333333),
(321,'Drama',0.333333),
(321,'Family',0.166667),
(321,'Fantasy',0.333333),
(321,'Horror',0.166667),
(321,'Music',0.333333),
(321,'Musical',0.166667),
(321,'Sci-Fi',0.166667),
(322,'Drama',1),
(322,'Short',1),
(323,'Action',0.586207),
(323,'Comedy',0.172414),
(323,'Crime',0.241379),
(323,'Drama',0.37931),
(323,'Horror',0.0344828),
(323,'Thriller',0.241379),
(325,'Comedy',0.5),
(325,'Drama',0.5),
(325,'Romance',0.5),
(325,'Short',0.5),
(328,'Short',1),
(332,'Short',1),
(335,'Fantasy',0.5),
(335,'Short',0.5),
(335,'Thriller',0.5),
(336,'Drama',1),
(336,'Short',1),
(337,'Drama',1),
(338,'Drama',1),
(338,'Short',1),
(339,'Documentary',0.5),
(339,'Drama',0.5),
(340,'Comedy',0.833333),
(340,'Crime',0.166667),
(342,'Animation',1),
(342,'Documentary',1),
(342,'Music',1),
(342,'Short',1),
(343,'Short',1),
(344,'Horror',1),
(346,'Comedy',1),
(346,'Drama',1),
(347,'Documentary',1),
(347,'Short',1),
(349,'Drama',0.25),
(349,'Short',0.75),
(350,'Drama',0.5),
(350,'Short',0.5),
(352,'Comedy',1),
(352,'Family',1),
(353,'Crime',1),
(353,'Mystery',1),
(354,'Crime',0.2),
(354,'Documentary',0.2),
(354,'Drama',1),
(354,'Short',0.2),
(357,'Short',1),
(359,'Documentary',0.666667),
(359,'Drama',0.333333),
(360,'Documentary',1),
(361,'Drama',1),
(365,'Drama',1),
(365,'Romance',1),
(367,'Adventure',0.111111),
(367,'Crime',0.777778),
(367,'Drama',0.777778),
(367,'Family',0.111111),
(372,'Documentary',0.6),
(372,'Short',1),
(373,'Comedy',1),
(373,'Romance',1),
(374,'Short',1),
(376,'Short',1),
(377,'Comedy',1),
(378,'Drama',1),
(380,'Short',1),
(382,'Animation',1),
(382,'Family',1),
(382,'Short',1),
(385,'Documentary',1),
(385,'Short',1),
(386,'Comedy',1),
(386,'Fantasy',1),
(386,'Mystery',1),
(386,'Romance',1),
(387,'Drama',1),
(391,'Comedy',1),
(391,'Romance',1),
(391,'Short',1),
(392,'Comedy',0.666667),
(392,'Drama',0.333333),
(392,'Family',0.333333),
(393,'Comedy',0.5),
(393,'Thriller',0.5),
(394,'Action',1),
(394,'Crime',1),
(394,'Horror',1),
(395,'Short',1),
(397,'Horror',1),
(398,'Drama',1),
(398,'Thriller',1),
(399,'Music',1),
(399,'Short',1),
(400,'Short',1),
(402,'Horror',1),
(402,'Thriller',1),
(404,'Drama',0.5),
(404,'Short',1),
(405,'Animation',1),
(405,'Documentary',0.5),
(405,'Drama',0.5),
(405,'Fantasy',0.5),
(405,'Sci-Fi',1),
(408,'Documentary',0.4),
(408,'Family',0.2),
(408,'Short',1),
(409,'Horror',1),
(409,'Thriller',1),
(410,'Horror',1),
(412,'Drama',1),
(418,'Mystery',1),
(420,'Documentary',1),
(420,'Drama',0.166667),
(421,'Documentary',1),
(421,'Short',1),
(422,'Short',1),
(423,'Horror',1),
(423,'Thriller',1),
(427,'Action',0.166667),
(427,'Adventure',0.166667),
(427,'Comedy',0.666667),
(427,'Family',0.333333),
(427,'Short',0.833333),
(428,'Action',0.333333),
(428,'Comedy',0.111111),
(428,'Crime',0.111111),
(428,'Drama',0.185185),
(428,'Horror',0.333333),
(428,'Sci-Fi',0.259259),
(428,'Western',0.222222),
(429,'Adventure',0.75),
(429,'Animation',0.75),
(429,'Comedy',0.75),
(429,'Family',0.75),
(429,'Fantasy',0.75),
(429,'Music',0.25),
(429,'Romance',0.5),
(429,'Short',0.25),
(430,'Short',1),
(432,'Documentary',1),
(433,'Music',1),
(434,'Thriller',1),
(435,'Drama',0.105263),
(435,'Western',0.894737),
(437,'Short',1),
(438,'Drama',0.75),
(438,'Short',1),
(438,'Thriller',0.25),
(439,'Drama',1),
(440,'Fantasy',1),
(441,'Action',1),
(441,'Comedy',1),
(441,'Drama',1),
(441,'Fantasy',1),
(443,'Western',1),
(444,'Comedy',1),
(444,'Short',1),
(446,'Comedy',1),
(446,'Drama',1),
(448,'Crime',1),
(449,'Crime',1),
(450,'Drama',1),
(450,'Thriller',1),
(451,'Comedy',1),
(451,'Crime',0.5),
(451,'Short',0.5),
(452,'Drama',1),
(454,'Crime',1),
(454,'Thriller',1),
(455,'Comedy',0.666667),
(455,'Short',1),
(456,'Drama',0.5),
(456,'Short',0.5),
(457,'Comedy',1),
(457,'Sci-Fi',1),
(457,'Short',1),
(458,'Drama',1),
(458,'Thriller',1),
(461,'Comedy',0.2),
(461,'Documentary',0.8),
(461,'Drama',0.2),
(462,'Drama',1),
(462,'War',0.333333),
(463,'Documentary',1),
(464,'Documentary',1),
(466,'Thriller',1),
(467,'Documentary',1),
(470,'Documentary',1),
(471,'Documentary',1),
(473,'Action',1),
(473,'Crime',1),
(473,'Drama',1),
(473,'Music',1),
(475,'Action',1),
(475,'Drama',1),
(475,'Family',1),
(475,'Musical',1),
(475,'Romance',1),
(478,'Documentary',1),
(478,'Music',1),
(480,'Documentary',1),
(480,'Short',1),
(481,'Short',1),
(483,'Drama',1),
(485,'Comedy',0.5),
(485,'Short',0.5),
(487,'Comedy',0.111111),
(487,'Documentary',1),
(489,'Comedy',0.5),
(489,'Musical',0.5),
(489,'Short',0.5),
(490,'Drama',1),
(491,'Short',1),
(492,'Comedy',0.5),
(492,'Drama',0.5),
(492,'Short',0.5),
(493,'Comedy',0.5),
(493,'Horror',1),
(494,'Comedy',1),
(495,'Short',1),
(496,'Comedy',1),
(496,'Musical',1),
(497,'Drama',0.6),
(497,'Horror',0.2),
(497,'Mystery',0.2),
(498,'Drama',1),
(498,'Sci-Fi',1),
(498,'Short',1),
(499,'Comedy',1),
(499,'Drama',0.5),
(499,'Music',0.5),
(500,'Adventure',1),
(500,'Animation',1),
(500,'Comedy',1),
(500,'Fantasy',1),
(500,'Romance',1),
(502,'Animation',1),
(502,'Short',1),
(503,'Adventure',1),
(503,'Documentary',1),
(504,'Comedy',0.666667),
(504,'Drama',0.333333),
(504,'Romance',0.333333),
(504,'Short',1),
(505,'Short',1),
(506,'Documentary',1),
(507,'Drama',1),
(508,'Comedy',0.363636),
(508,'Documentary',0.272727),
(508,'Drama',0.545455),
(508,'Music',0.0909091),
(509,'Horror',1),
(510,'Animation',1),
(510,'Family',1),
(510,'Short',1),
(511,'Documentary',1),
(512,'Adventure',0.0175439),
(512,'Comedy',0.245614),
(512,'Crime',0.0877193),
(512,'Drama',0.614035),
(512,'Fantasy',0.0175439),
(512,'Musical',0.0175439),
(512,'Mystery',0.0175439),
(512,'Romance',0.0877193),
(512,'Short',0.210526),
(512,'War',0.0175439),
(512,'Western',0.0350877),
(513,'Crime',1),
(513,'Mystery',1),
(513,'Short',1),
(514,'Documentary',1),
(514,'Music',0.333333),
(515,'Comedy',0.8),
(515,'Drama',0.2),
(515,'Musical',0.2),
(516,'Drama',1),
(518,'Action',1),
(518,'Crime',1),
(518,'Drama',1),
(520,'Action',0.230769),
(520,'Adventure',0.153846),
(520,'Crime',0.230769),
(520,'Drama',0.153846),
(520,'Mystery',0.0769231),
(520,'Sci-Fi',0.230769),
(520,'War',0.0769231),
(520,'Western',0.153846),
(523,'Short',1),
(524,'Comedy',1),
(525,'Musical',1),
(526,'Documentary',1),
(527,'Comedy',0.571429),
(527,'Drama',0.571429),
(527,'Fantasy',0.285714),
(527,'Music',0.857143),
(527,'Musical',0.142857),
(527,'Romance',0.285714),
(528,'Documentary',0.666667),
(528,'Short',1),
(529,'Documentary',1),
(529,'Short',1),
(530,'Drama',1),
(531,'Short',1),
(535,'Drama',1),
(535,'Short',0.5),
(537,'Musical',1),
(538,'Drama',1),
(538,'Romance',1),
(539,'Comedy',1),
(539,'Short',1),
(540,'Comedy',1),
(541,'Comedy',1),
(541,'Short',1),
(542,'Drama',1),
(543,'Drama',0.666667),
(543,'Short',0.333333),
(544,'Documentary',1),
(544,'Short',1),
(545,'Drama',1),
(545,'Short',1),
(550,'Comedy',1),
(551,'Comedy',1),
(551,'Short',1),
(553,'Comedy',0.25),
(553,'Documentary',0.5),
(553,'Horror',0.25),
(553,'Short',0.5),
(558,'Drama',0.5),
(558,'War',1),
(561,'Comedy',1),
(562,'Documentary',1),
(563,'Action',0.4),
(563,'Crime',0.2),
(563,'Drama',0.4),
(563,'Family',0.2),
(564,'Drama',1),
(565,'Family',1),
(565,'Fantasy',1),
(566,'Drama',1),
(567,'Drama',1),
(569,'Documentary',0.666667),
(569,'Mystery',0.333333),
(571,'Musical',1),
(574,'Drama',1),
(575,'Musical',1),
(576,'Documentary',1),
(577,'Comedy',0.5),
(577,'Drama',0.5),
(577,'Thriller',0.5),
(578,'Short',1),
(579,'Short',1),
(580,'Comedy',1),
(581,'Documentary',0.25),
(581,'Short',1),
(582,'Short',1),
(585,'Documentary',1),
(586,'Action',1),
(586,'Crime',1),
(586,'Drama',1),
(586,'Musical',1),
(591,'Documentary',1),
(592,'Comedy',0.857143),
(592,'Drama',0.285714),
(593,'Adventure',0.285714),
(593,'Comedy',0.142857),
(593,'Crime',0.428571),
(593,'Family',0.285714),
(594,'Short',1),
(595,'Short',1),
(596,'Comedy',1),
(596,'Romance',1),
(597,'Documentary',0.666667),
(597,'Drama',0.333333),
(598,'Animation',0.5),
(598,'Comedy',0.5),
(598,'Musical',0.5),
(598,'Short',1),
(601,'Documentary',1),
(602,'Documentary',1),
(604,'Family',1),
(607,'Action',1),
(607,'Comedy',0.5),
(607,'Drama',0.5),
(607,'Romance',0.5),
(611,'Documentary',0.833333),
(611,'Drama',0.166667),
(611,'Sci-Fi',0.166667),
(611,'Short',0.166667),
(612,'Documentary',1),
(613,'Crime',1),
(613,'Short',1),
(615,'Action',0.333333),
(615,'Adventure',0.333333),
(615,'Comedy',0.333333),
(615,'Crime',0.333333),
(615,'Drama',0.333333),
(615,'Fantasy',0.333333),
(615,'Horror',0.666667),
(615,'Thriller',0.333333),
(617,'Drama',1),
(617,'War',0.5),
(618,'Crime',0.666667),
(618,'Drama',1),
(618,'Romance',0.333333),
(619,'Romance',1),
(620,'Comedy',1),
(621,'Comedy',0.157895),
(621,'Documentary',0.0526316),
(621,'Drama',0.684211),
(621,'Romance',0.0526316),
(621,'Short',0.263158),
(621,'War',0.0526316),
(622,'Comedy',1),
(626,'Animation',1),
(626,'Short',1),
(627,'Short',1),
(628,'Animation',1),
(628,'Short',1),
(630,'Documentary',1),
(630,'Short',1),
(631,'Comedy',1),
(632,'Comedy',1),
(632,'Short',1),
(634,'Short',1),
(636,'Short',1),
(638,'Action',1),
(638,'Crime',1),
(638,'Thriller',1),
(639,'Comedy',0.333333),
(639,'Drama',0.333333),
(639,'Horror',0.333333),
(639,'Sci-Fi',0.333333),
(640,'Drama',1),
(641,'Comedy',1),
(642,'Drama',1),
(642,'Short',1),
(643,'Documentary',1),
(643,'Short',1),
(644,'Documentary',1),
(644,'Short',1),
(646,'Short',1),
(647,'Short',1),
(648,'Adventure',0.111111),
(648,'Comedy',0.259259),
(648,'Documentary',0.111111),
(648,'Drama',0.555556),
(648,'Family',0.037037),
(648,'Fantasy',0.037037),
(648,'Horror',0.0740741),
(648,'Musical',0.111111),
(648,'Mystery',0.111111),
(648,'Short',0.148148),
(648,'Western',0.296296),
(649,'Drama',1),
(649,'Short',1),
(650,'Drama',0.5),
(650,'Short',1),
(651,'Horror',1),
(651,'Short',1),
(652,'Short',1),
(653,'Comedy',0.833333),
(653,'Drama',0.166667),
(653,'Fantasy',0.166667),
(653,'Short',0.333333),
(655,'Drama',0.5),
(655,'Short',0.5),
(656,'Comedy',1),
(656,'Short',1),
(657,'Action',0.2),
(657,'Comedy',0.1),
(657,'Documentary',0.2),
(657,'Drama',0.8),
(657,'Family',0.1),
(657,'Romance',0.3),
(657,'Short',0.1),
(657,'War',0.1),
(659,'Fantasy',1),
(659,'Short',1)







USE [imdb]
GO


CREATE TABLE [dbo].[movies](
	[id] [int] NOT NULL,
	[name] [varchar](100) NULL,
	[year] [int] NULL,
	[rankscore] [float] NULL,
		)
		
INSERT INTO movies VALUES		
(0,'#28',2002,NULL),
(1,'#7 Train: An Immigrant Journey, The',2000,NULL),
(2,'$',1971,6.4),
(3,'$1,000 Reward',1913,NULL),
(4,'$1,000 Reward',1915,NULL),
(5,'$1,000 Reward',1923,NULL),
(6,'$1,000,000 Duck',1971,5),
(7,'$1,000,000 Reward, The',1920,NULL),
(8,'$10,000 Under a Pillow',1921,NULL),
(9,'$100,000',1915,NULL),
(10,'$100,000 Pyramid, The',2001,NULL),
(11,'$1000 a Touchdown',1939,6.7),
(12,'$20,000 Carat, The',1913,NULL),
(13,'$21 a Day Once a Month',1941,NULL),
(14,'$2500 Bride, The',1912,NULL),
(15,'$30',1999,7.5),
(16,'$30,000',1920,NULL),
(17,'$300 y tickets',2002,NULL),
(18,'$40,000',1996,9.6),
(19,'$5,000 Reward',1918,NULL),
(20,'$5,000,000 Counterfeiting Plot, The',1914,NULL),
(21,'$5.15/Hr.',2004,NULL),
(22,'$5.20 an Hour Dream, The',1980,NULL),
(23,'$50,000 Challenge, The',1989,NULL),
(24,'$50,000 Climax Show, The',1975,2.6),
(25,'$50,000 Jewel Theft, The',1915,NULL),
(26,'$50,000 Reward',1924,NULL),
(28,'$500 Reward, The',1911,NULL),
(29,'$500,000 Reward',1911,NULL),
(31,'$pent',2000,4.3),
(32,'$ucces Part One',1986,NULL),
(33,'$windle',2002,5.4),
(34,'& frres',2000,NULL),
(35,'Bear Facts, The',1914,NULL),
(36,'15',2002,6.8),
(37,'ne vozvrashchayetsya',1968,NULL),
(38,'38',1987,6.7),
(39,'42',1951,NULL),
(40,'49, un souffle de colre',1996,NULL),
(41,'49-17',1917,5.8),
(42,'60s Pop Rock Reunion',2004,NULL),
(43,'60s, The',1999,NULL),
(44,'68',1988,5.5),
(45,'70s Celebration: The Beat Is Back, A',1993,NULL),
(46,'70s: The Decade That Changed Television, The',2000,NULL),
(47,'88 Dodge Aries',2002,NULL),
(48,'93 jie tou ba wang',1993,NULL),
(49,'94 du bi dao zhi qing',1994,5.7),
(50,'? Motorist, The',1906,6.8),
(51,'A',1965,7.1),
(52,'A gai waak',1983,7.2),
(53,'A gai waak juk jaap',1987,7.2),
(54,'Abbot and Cresceus Race, The',1901,NULL),
(55,'Akasaka no shimai yori: yoru no wada',1960,NULL),
(56,'Amphitrite, The',1897,NULL),
(57,'Ang Galing galing mo, Babes',2002,NULL),
(58,'Arriets Baby',1913,NULL),
(59,'Arry and Arriets Evening Out',1909,NULL),
(60,'Arry on the Steamboat',1901,NULL),
(61,'As se hizo - Torremolinos 73',2003,NULL),
(62,'Babicky dobjejte presne!',1983,5.6),
(63,'Bad Buck of Santa Ynez',1915,NULL),
(64,'Bats Abound',1999,NULL),
(65,'Belle de Varsovie, La',1993,NULL),
(66,'Betty Bee (sopravvivere darte)  ',1999,NULL),
(67,'Billy Elliot Boy, The',2001,NULL),
(68,'Borovo Institut',1984,NULL),
(69,'Breaker Morant',1980,7.9),
(70,'Brennus, Le',1897,NULL),
(71,'Broadway Melody of 1940',1940,7.1),
(72,'Bullitt: Steve McQueens Commitment to Reality',1968,6.6),
(73,'burbs, The',1989,5.9),
(74,'C Word, The',1993,NULL),
(76,'Cat and Mouse at the Home',1983,NULL),
(77,'Catch Me If You Can: Behind the Camera',2003,NULL),
(78,'Columbia',1899,NULL),
(79,'Columbia and Defender Rounding Stake-Boat',1899,NULL),
(80,'Columbia and Shamrock II Finishing Second Race',1901,NULL),
(81,'Columbia and Shamrock II: Jockeying and Starting',1901,NULL),
(82,'Columbia and Shamrock II: Start of Second Race',1901,NULL),
(83,'Columbia and Shamrock II: Starting in the Third Race',1901,NULL),
(84,'Columbia and Shamrock II: Turning the Outer Stake Boat',1901,NULL),
(85,'Columbia Close to the Wind',1899,NULL),
(86,'Columbia vs. Defender',1899,NULL),
(87,'Columbia Winning the Cup',1899,3.6),
(88,'Columbia Winning the Cup (1901/I)  ',1901,NULL),
(89,'Columbia Winning the Cup (1901/II)  ',1901,NULL),
(90,'Corsair, The',1899,NULL),
(91,'Courageous, O',1932,NULL),
(93,'Courier',1900,NULL),
(94,'Crocodile Dundee II',1988,4.9),
(95,'Cross the Mexican Line',1914,NULL),
(96,'Den vide verdens billedbog nr. 1',1938,NULL),
(97,'Deutschland Leaving New York at Full Speed (with Prince Henry of Prussia)  ',1902,NULL),
(98,'Diamond S Ranch, The',1912,NULL),
(99,'Dikke Bertha op doortocht in Brussel',1919,NULL),
(100,'E',1981,7.9),
(101,'El Chicko - der Verdacht',1995,4.1),
(102,'Elf Jukebox',2004,NULL),
(103,'Erin, The',1899,NULL),
(104,'Etruria',1899,NULL),
(105,'Fighting Dan McCool',1912,NULL),
(106,'Foxy Grandpa Shows Boys He Is a Magician',1902,NULL),
(107,'Fraid Cat',1914,NULL),
(108,'G Men',1935,7.2),
(109,'Gator and the Pickaninny, The',1900,NULL),
(112,'Giant Stars Are Off to Texas',1955,NULL),
(113,'Glavdynya na otdykhe',1927,NULL),
(114,'Glen Island, Accompanying Parade, The',1898,NULL),
(115,'Golden Prison: The Louvre, A',1964,NULL),
(116,'Graf Waldersee',1899,NULL),
(117,'Halloween 4 Final Cut',2001,NULL),
(118,'Halloween Unmasked 2000',1999,NULL),
(119,'Havana, The',1899,NULL),
(120,'Hellboy: The Seeds of Creation',2004,NULL),
(121,'High Sign, The',1921,7.7),
(123,'Hol zsarnoksg van (Egy br visszaemlkezsei)  ',1989,NULL),
(124,'Hyp-Nut-Tist, The',1935,6.1),
(126,'I of the Beholder, The',1952,NULL),
(127,'If Only Jim',1920,3.5),
(128,'Impprobable Mr. Wee Gee, The',1966,NULL),
(129,'Imperial Limited. Canadian Pacific R.R.',1899,NULL),
(130,'Imhar, une lgende',1997,6.9),
(131,'In Side Out',1965,NULL),
(132,'Ins and Outs of the Diaphragm, The',1976,NULL),
(133,'Its Alive!',1969,NULL),
(134,'Itch',1989,NULL),
(135,'Jarabe Dance, Streets of Mexico, Pan-American Exposition',1901,NULL),
(136,'Java Madness formerly titled Coffee Madness',1995,6.6),
(137,'Je vous salue, Marie',1985,6.4),
(138,'Jennie Deans, The',1898,NULL),
(139,'J to tedy beru, sfe...!',1977,5.2),
(140,'k vergeet u nooit, venti',1957,NULL),
(141,'Kaash',1987,5.7),
(142,'King and Queen, the Great High Diving Horses',1899,NULL),
(143,'Kronprinz Wilhelm with Prince Henry (of Prussia)  ',1902,NULL),
(144,'Kultura',1985,NULL),
(145,'Ks-Bels letmdjas: Romvri Jzsef',1995,NULL),
(146,'LOiseau Bleu. Sneltrein tussen Antwerpen en Parijs',1922,NULL),
(147,'Leapfrog on the Beach',1898,NULL),
(148,'Loco Motive',1927,NULL),
(149,'Lorenzo, The (1898/I)  ',1898,NULL),
(150,'Lorenzo, The (1898/II)  ',1898,NULL),
(151,'M comme Mathieu',1973,NULL),
(152,'M Word',1996,NULL),
(153,'Mad Boy, Ill Blow Your Blues Away. Be Mine',1997,7.9),
(154,'Make-Up Thief, The',1899,NULL),
(155,'Man Who Couldnt Feel and Other Tales',1996,NULL),
(156,'Manos the Hands of Fate',1966,1.6),
(158,'Master Harold... and the Boys',1985,NULL),
(159,'Meng jiu jia zhi ye',1992,NULL),
(160,'Merci la vie',1991,7.2),
(161,'Metal Gear Solid 2: Sons of Liberty - Making of the Hollywood Game',2002,NULL),
(162,'Meteor III Afloat',1902,NULL),
(163,'Meteor, The',1902,NULL),
(164,'Mid Kentucky Hills',1913,NULL),
(165,'Midnight Cowboy Revisited',1994,NULL),
(166,'Midst Woodland Shadows',1914,NULL),
(167,'Minagoroshi no uta yori kenj-yo saraba!',1960,NULL),
(168,'Ming wang xing xing dong',1992,NULL),
(169,'Mini ta, La',1968,NULL),
(170,'Model Wife, A',1915,NULL),
(171,'Moonlight Mile: A Journey to Screen',2003,NULL),
(172,'Moving Picture, A',1899,NULL),
(173,'n donderend gepiep',1963,NULL),
(174,'N herinnering wijlen Z.M. Willem III een rijtoer makende door het Vondelpark te Amsterdam, N (1899',1899,NULL),
(175,'n stukje humor',2002,NULL),
(176,'N Sync & Britney Spears: Your #1 Video Requests... And More!',2000,NULL),
(177,'N Sync In Concert',1998,NULL),
(178,'N Sync: Ntimate Holiday Special',2000,NULL),
(179,'N Sync: Live From Madison Square Garden',2000,NULL),
(180,'N Sync: Making the Tour',2000,NULL),
(181,'N Sync: No Strings Attached',1999,NULL),
(182,'N Sync: PopOdyssey Live',2002,NULL),
(183,'N Sync: The Atlantis Concert',2001,NULL),
(184,'Ne gnstige Gelegenheit',1999,4.6),
(185,'Neath Austral Skies',1913,NULL),
(186,'Neath Brooklyn Bridge',1942,5.4),
(187,'Neath Canadian Skies',1946,4),
(188,'Neath the Arizona Skies',1934,4.9),
(189,'Neath the Bababa Tree',1931,NULL),
(190,'Neath Western Skies',1929,NULL),
(191,'Nendo no omen yori: kaachan',1961,NULL),
(192,'Nfama!',1924,NULL),
(193,'Niagara, The',1899,NULL),
(195,'Night, Mother',1986,6.7),
(196,'Non, ou A V Glria de Mandar',1990,6.8),
(197,'O Marenariello',1927,NULL),
(198,'O re',1989,4),
(199,'O de amor',1995,NULL),
(200,'O nu',1978,NULL),
(201,'On the Inside: Catching Bank Robbers',2000,NULL),
(202,'Ostler Joe',1908,NULL),
(204,'Panaderos, Los',1992,NULL),
(205,'Panther, The',1898,NULL),
(206,'Partizanka',1974,NULL),
(207,'Partizanka - U korak s modom',1975,NULL),
(208,'Pennsylvania, The',1899,NULL),
(209,'Pimpernel Smith',1941,7),
(210,'Please Kill Me, Im a Faggot Nigger Jew',1996,NULL),
(211,'Pogoda domu niechaj bedzie z Toba...',1979,NULL),
(214,'Rameaus Nephew by Diderot (Thanx to Dennis Young)',1974,NULL),
(215,'Real Indian',1996,NULL),
(217,'Revenue and the Girl, The',1911,NULL),
(218,'Richard Peck, The',1899,NULL),
(219,'Romeo Must Die Movie Special',2000,NULL),
(220,'Rope Unleashed',2001,NULL),
(221,'Roslin Castle (Troopship)',1899,NULL),
(222,'round and round',1978,NULL),
(223,'Round Midnight',1986,7.3),
(224,'Round the World in 80 Days',1914,NULL),
(225,'S Wonderful, S Marvelous, S Gershwin',1972,NULL),
(226,'Sagamore, The',1899,NULL),
(227,'Sagasta, Admiral Deweys Pet Pig',1899,NULL),
(228,'Sagres em Goa, Bombaim, Djibuti, Suez e Cairo',1980,NULL),
(229,'Sagres em Marselha e Regresso a Lisboa',1980,NULL),
(230,'Salems Lot',2004,NULL),
(231,'Sampson Champion High Stepper',1899,NULL),
(232,'Shamrock',1899,NULL),
(233,'Shamrock After Carrying Away Topsail',1899,NULL),
(234,'Shamrock and Columbia',1899,NULL),
(235,'Shamrock and Columbia Jockeying for a Start',1899,NULL),
(236,'Shamrock and Columbia Rounding the Outer Stake Boat',1899,NULL),
(237,'Shamrock and Columbia Rounding the Outer Stake Boat, No. 2',1899,NULL),
(238,'Shamrock and Columbia Yacht Race, No. 2',1899,NULL),
(239,'Shamrock and Columbia Yacht Race',1899,NULL),
(240,'Shamrock and Erin Sailing',1899,NULL),
(241,'Simple Life Cure, The',1914,NULL),
(242,'Sipad',1979,NULL),
(243,'Slask',1956,NULL),
(244,'Sloboda - Kula',1971,NULL),
(245,'Space: 1999 Documentary, The',1996,NULL),
(246,'St. Paul Outward Bound, The',1900,NULL),
(247,'Standard Picture Animated, A',1897,NULL),
(248,'Sugar Chile Robinson, Billie Holiday, Count Basie and His Sextet',1951,NULL),
(249,'Sunset Blvd.: A Look Back',2002,NULL),
(250,'Swim, Swim...',1996,NULL),
(251,'t bolleken',1988,NULL),
(252,'t is maar een woord',1962,NULL),
(253,'t Is wreed in de wereld',1954,NULL),
(254,'t Was een April',1935,NULL),
(255,'Tags: A Short Film',1995,NULL),
(256,'Taint Legal',1940,NULL),
(257,'Teddy Bears, The',1907,2),
(258,'Tempo',1980,NULL),
(259,'Texas, Naval Parade, The',1898,NULL),
(260,'Til Death Do Us Part',1960,NULL),
(261,'Til Death Do Us Part 1998/I',1998,NULL),
(262,'Til Death Do Us Part',2002,NULL),
(263,'Til There Was You',1997,4.8),
(264,'Til We Meet Again',1940,6.3),
(265,'Till Human Voices Wake Us and We Drown',1996,NULL),
(266,'Till the Garden Grows',1996,NULL),
(267,'Tis a Long Lane That Has No Turning',1925,NULL),
(268,'Tis Mother!',1912,NULL),
(270,'Tis Spring',1933,NULL),
(271,'Tis the Ball',1934,NULL),
(272,'Tis the Bull',1923,NULL),
(273,'Tis the Season to Be Smurfy',1984,NULL),
(274,'Tis Tough to Be Tender',1918,NULL),
(275,'Tong tatlong tatay kong pakitong-kitong',1998,NULL),
(276,'Twas Ever Thus',1915,NULL),
(277,'Twas Ever Thus',1916,NULL),
(278,'Twas Henrys Fault',1919,NULL),
(279,'Twas the Night',2001,NULL),
(280,'Twas the Night',2002,NULL),
(281,'Twas the Night Before Christmas',1914,NULL),
(282,'Twas the Night Before Christmas',1974,NULL),
(283,'Tween Two Loves',1911,NULL),
(284,'Twixt Red Man and White',1910,NULL),
(285,'Uncle Toms Cabin Troupe, An',1913,NULL),
(286,'Unis - Pretis - put do fabrike',1983,NULL),
(287,'V enfrenta a la Blitzkrieg, La',1941,NULL),
(288,'Vizcaya Under Full Headway',1898,NULL),
(289,'Way Down South',1898,NULL),
(290,'Weary Willie and the Gardener',1901,NULL),
(291,'Weird Al Yankovic Live!',1999,NULL),
(292,'Weird Al Yankovic Video Library: His Greatest Hits, The',1992,NULL),
(293,'Weird Al Yankovic: (Theres No)',2014,NULL),
(294,'Weird Al Yankovic: The Ultimate Video Collection',2003,NULL),
(295,'Yankovic: The Videos',1996,NULL),
(296,'Wenn die Hhne krhn...',1990,NULL),
(297,'Whats Your I.Q.? Number Two',1940,5.9),
(298,'When It Rains',2000,NULL),
(299,'Where Did You Go? Out. What Did You Do? Nothing.',1960,NULL),
(300,'Wiltons - The Handsomest Hall in Town',1970,NULL),
(301,'Zemlja - Grupa slikara',1973,NULL),
(302,'Zmeiny istochnik',1997,NULL),
(326,'* FDR',1982,NULL),
(327,'*69',1998,NULL),
(328,'*batteries not included',1987,5.7),
(329,'*Corpus Callosum',2002,4.9),
(330,'0',1987,9.6),
(331,'-30-',1959,6),
(334,'...4 ...3 ...2 ...1 ...morte',1967,3.8),
(335,'...a pozdravuji vlastovky',1972,NULL),
(336,'...a pty jezdec je Strach',1964,6.1),
(337,'...a tutte le auto della polizia',1975,6.8),
(338,'...A Valparaso',1962,7.4),
(339,'...A vy lyubili kogda nibud?',1973,NULL),
(340,'...A ya uezzhayu domoy',1968,4.3),
(341,'...a zase ta Lucie!',1984,6.3),
(342,'...aber Jonny!',1973,NULL),
(343,'...aka Southern Exposure',1999,NULL),
(344,'...All the Marbles',1981,5.5),
(345,'...Almost',1990,5.2),
(346,'...als Diesel geboren',1979,NULL),
(347,'...An Incredible Simulation',2000,NULL),
(348,'...And Call Me In the Morning',1999,NULL),
(349,'...And Justice for All',1979,6.9),
(350,'...And Millions Die!',1973,4),
(351,'...and Quiet Flows the Don',2004,NULL),
(352,'...And the Earth Did Not Swallow Him',1995,5.8),
(353,'...And Then She Was Gone',1991,NULL),
(354,'...and They Lived Happily Ever After',1975,NULL),
(355,'...Angola No Est  Venda',1963,NULL),
(356,'...ani smrt nebere',1996,NULL),
(357,'...At First Sight',2000,NULL),
(358,'...Au champ honneur',1998,NULL),
(359,'...Aur Pyaar Ho Gaya',1997,5.5),
(360,'...Az vozdam',1993,NULL),
(361,'...Because She Disobeyed',1935,6),
(362,'...Belpaese, Il',1977,5.5),
(363,'...beschloss ich Politiker zu werden',1985,NULL),
(364,'...bis Montagmorgen',1991,NULL),
(365,'...borgnes sont rois, Les',1974,8),
(366,'...boroume kai kato ap ta thrania!',1983,NULL),
(367,'...But I Was a Girl: The Story of Frieda Belinfante',1999,NULL),
(368,'...but the clouds...',1977,NULL),
(369,'...Comme elle respire',1998,5.9),
(370,'...continuavano a chiamarlo Trinit',1972,6.7),
(371,'...dann hau ich eben ab',1995,NULL),
(372,'...Dat geit los!',1999,NULL),
(373,'...denn alle Schuld rcht sich auf Erden',1913,NULL),
(374,'...des contes Hoffmann',1993,NULL),
(375,'...die begrndete Sorge der Indianer um ihre Frauen und Kinder whrend der Schlacht',2003,NULL),
(376,'...die man liebt...',1998,NULL),
(377,'...dopo di che, uccide il maschio e lo divora',1971,NULL),
(378,'...Duren ty, duren!',1931,NULL),
(379,'...E a Vaca Foi Para o Brejo',1981,NULL),
(380,'...e alla fine lo chiamarono Jerusalem implacabile',1972,NULL),
(381,'...e continuavano a mettere lo diavolo ne lo inferno',1973,NULL),
(382,'...e cos divennero i tre supermen del West',1973,NULL),
(383,'...E di Saul e dei sicari sulle vie di Damasco',1973,NULL),
(384,'...E i cannoni tuonano ancora',1974,NULL),
(385,'...E il terzo giorno arriv il corvo',1973,NULL),
(386,'...e la donna cre uomo',1964,NULL),
(387,'...e la vita continua',1984,NULL),
(388,'...e lo chiamarono Spirito Santo',1971,NULL),
(389,'...E non dirsi addio!',1948,NULL),
(390,'...e per tetto un cielo di stelle',1968,3.5),
(391,'...E se per caso una mattina',1972,NULL),
(392,'...E si salv solo aretino Pietro con una mano avanti altra dietro',1972,NULL),
(393,'...e tanta paura',1976,5.4),
(394,'...e venne il tempo di uccidere',1968,NULL),
(396,'...en fin, el mar',2005,NULL),
(397,'...erst wenn',1987,NULL),
(398,'...erwachsen sein dagegen sehr',1956,NULL),
(399,'...et mourir de dsir',1974,NULL),
(400,'...First Do No Harm',1997,NULL),
(401,'...fr vnskaps skull...',1965,NULL),
(402,'...heute abend bei mir',1934,NULL),
(403,'...hogy szaladnak a fk!',1967,NULL),
(404,'...I drugie offitsialnye litsa',1976,NULL),
(405,'...I vsya lyuboz',1989,NULL),
(406,'...ich bin keiner von uns',1999,NULL),
(407,'...Influenced by None',2003,NULL),
(408,'...ing',2003,7.3),
(409,'...Is It the Design on the Wrapper?',1997,2.4),
(410,'...Ispolnit vsyakuyu pravdu',1987,NULL),
(411,'...It Is Nice to Be Privileged',1976,NULL),
(412,'...ja Helena soittaa',1952,NULL),
(413,'...Ja teeb trikke',1978,7.8),
(414,'...kai dio avga Tourkias',1987,NULL),
(415,'...kone na betne',1995,NULL),
(416,'...lipotaktis',1988,NULL),
(417,'...Lost',2000,6),
(418,'...Maybe This Time',1980,5.7),
(419,'...mit besten Empfehlungen',1979,NULL),
(420,'...na vojne jako kdyz najdes',1967,NULL),
(421,'...nebo bt zabit',1985,NULL),
(422,'...nur ein Komdiant',1935,NULL),
(423,'...nur noch die Hlfte wert',1978,NULL),
(424,'...nchste Woche ist Frieden',1995,NULL),
(425,'...och alla dessa kvinnor',1944,NULL),
(426,'...och efter skymning kommer mrker',1947,NULL),
(427,'...och halva kungariket',1998,NULL),
(428,'...Or Forever Hold Your Peace',2000,6.9),
(429,'...Pervaya lyubov',1995,NULL),
(430,'...Po prozvishchu Zver',1990,4.4),
(431,'...Quando Troveja',1999,4.7),
(437,'...reitet fr Deutschland',1941,3.6),
(438,'...Remote... Remote...',1973,NULL),
(439,'...schwierig, sich zu verloben',1983,NULL),
(440,'...Se non avessi amore',1991,NULL),
(441,'...Sinon touffe',2004,NULL),
(442,'...so groe Augen',1994,NULL),
(443,'...sol y lluvia',2001,NULL),
(444,'...som en tjuv om natten',1940,NULL),
(445,'...som havets nakna vind',1968,5.1),
(446,'...Sometimes in April',2004,NULL),
(447,'...sonst erblindet die Seele',1994,NULL),
(448,'...Sub clar de luna',2002,NULL),
(449,'...The Making of...',2003,NULL),
(450,'...tick...tick...tick...',1970,5.9),
(451,'...To Be with Me',1999,NULL),
(452,'...To Skin a Cat',2004,NULL),
(453,'...und abends in die Scala',1958,5.3),
(454,'...und andere Ergsse!',1991,NULL),
(455,'...und das ist erst der Anfang',2000,5.9),
(456,'...und Deine Liebe auch',1962,NULL),
(457,'...und die Bibel hat doch recht',1977,NULL),
(458,'...und die Liebe lacht dazu',1957,NULL),
(459,'...und die Musik spielt dazu',1943,NULL),
(460,'...und Du bist die',1992,NULL),
(461,'...und du, mein Schatz, bleibst hier',1961,NULL),
(462,'...und es leuchtet die Puta',1932,NULL),
(463,'...und es lockt ein Ruf aus sndiger Welt',1925,NULL),
(464,'...und ewig bleibt die Liebe',1954,NULL),
(465,'...und ewig knallen die Ruber',1962,NULL),
(466,'...und fhre uns nicht in Versuchung',1917,NULL),
(467,'...und fhre uns nicht in Versuchung',1957,3.2),
(468,'...und heute ins Theater - Ich, Erste Person Einzahl',1965,NULL),
(469,'...und htte der Liebe nicht',1927,NULL),
(470,'...und ich dachte, du magst mich',1986,NULL),
(471,'...und keiner schmte sich',1960,NULL),
(472,'...und nichts als die Wahrheit',1958,NULL),
(473,'...und noch nicht sechzehn',1968,NULL),
(474,'...und oben wohnen die Engel',1998,NULL),
(475,'...und pltzlich wird es dunkel in meinem Leben',2001,NULL),
(476,'...und sowas mu um 8 ins Bett',1965,3.8),
(477,'...und sowas nennt sich Show',1971,NULL),
(478,'...und wer kt mich?',1933,NULL),
(479,'...und wer kt mich?',1956,NULL),
(480,'...und ber uns der Himmel',1947,5.3),
(481,'...unsre Helga...',1995,NULL),
(482,'...verdammt, ich bin erwachsen',1974,NULL),
(483,'...Verzeihung, ich lebe',2000,NULL),
(484,'...viele Grsse, Rank',2002,NULL),
(485,'...weil die Musik die Seele fllt',2001,NULL),
(486,'...wie einst Lili Marleen',1956,7.9),
(487,'...Y al tercer ao, resucit',1981,4.6),
(488,'...Y del hijo',2004,NULL),
(489,'...Y el cielo fue tomado por asalto',1973,NULL),
(490,'...Y el demonio cre a los hombres',1959,NULL),
(491,'...Y eligi el infierno',1957,NULL),
(492,'...Y la mujer hizo al hombre',1974,NULL),
(493,'...Y la noche se hizo arcoiris',1978,NULL),
(494,'...Y los sueos pasan',1939,NULL),
(495,'...Y maana sern hombres',1939,NULL),
(496,'...Y maana sern mujeres',1955,NULL),
(497,'...Y pasa la comparsa',1937,NULL),
(498,'...y tenemos sabor',1967,NULL),
(499,'...ya no puede caminar.',2001,7.3),
(500,'...Yi Salieri',1999,NULL),
(501,'...zu Stein.',1992,NULL),
(502,'...s otthon?',1965,NULL),
(503,'... la campagne',1995,6.9),
(504,'...s jtra mosolyognak',1954,NULL),
(506,'.38 Ambush Alley',1987,NULL),
(507,'0.45',2004,NULL),
(508,'.airE',2001,NULL),
(509,'.com for Murder',2002,3.6),
(510,'.hack//Akusei heni vol. 2',2002,NULL),
(511,'.hack//Liminality Vol. 1: In the Case of Mai Minase',2003,NULL),
(512,'.hack//Liminality Vol. 2: In the Case of Yuki Aihara',2003,NULL),
(513,'.hack//Liminality Vol. 3: In the Case of Kyoko Tohno',2003,NULL),
(514,'.hack//Liminality Vol. 4: Trismegistus',2004,NULL),
(515,'.hack//Osen kadukai vol. 1',2002,NULL),
(516,'.hack//Outbreak',2002,NULL),
(517,'.hack//Quarantine',2003,NULL),
(518,'0 beon agashi',1981,NULL),
(519,'0 shi',1972,NULL),
(520,'0 texvertices',2000,NULL),
(521,'0 Uhr 15, Zimmer 9',1950,NULL),
(522,'0-18 or A Message from the Sky',1914,NULL),
(523,'0-600-Amor ya',1998,NULL),
(524,'00 Schneider - Jagd auf Nihil Baxter',1994,5.6),
(525,'00/ciak operazione mondo',1966,NULL),
(526,'16643225059',1994,NULL),
(527,'002 agenti segretissimi',1964,NULL),
(528,'002 operazione Luna',1965,NULL),
(529,'007 1/2 no Carnaval',1966,2.8),
(530,'007 Racing',2000,NULL),
(531,'007: Agent Under Fire',2001,NULL),
(532,'8',2003,NULL),
(533,'008 - Agent wider Willen',2000,NULL),
(534,'008: Operazione ritmo',1965,NULL),
(535,'00Sex im Auge des Orkans',1999,NULL),
(537,'36161',1959,NULL),
(538,'01.48 AM',1997,NULL),
(539,'011 Beograd',2003,NULL),
(540,'01412 pasasingeum',2000,NULL),
(541,'02:06 - Anatomija bola',2000,NULL),
(542,'0567 - Appunti per un documentario su Pozzuoli',1987,NULL),
(543,'05h42',2003,NULL),
(544,'6',1994,6.2),
(545,'06-05 de film',2005,NULL),
(546,'07 con el 2 delante (Agente: Jaime Bonet)',1966,NULL),
(548,'42217',1954,5.4),
(549,'08/15 - In der Heimat',1955,5),
(550,'08/15 - Zweiter Teil',1955,4.5),
(551,'091 Polica al habla',1960,5.2),
(552,'0shiui hotel',1983,NULL),
(553,'1',2004,NULL),
(554,'1 + 1 = 1.5',1969,NULL),
(555,'1 + 1 = 3',1979,NULL),
(556,'1 2 3',2003,NULL),
(557,'1 2 3 duan mahaphai',1977,NULL),
(558,'1 Berlin-Harlem',1974,NULL),
(559,'1 CAG Story, The',1977,NULL),
(562,'1 Fijo',2003,NULL),
(563,'1 Giant Leap',2002,6.4),
(564,'1 heure 30 amour',1974,NULL),
(565,'1 Is for Gun',1998,NULL),
(566,'1 km  pied',2003,NULL),
(567,'1 Maj 1949',1949,NULL),
(568,'1 Maj 1970',1970,NULL),
(569,'1 Maj 1973',1973,NULL),
(570,'1 maya',1948,NULL),
(571,'1 mei ballade',1962,NULL),
(572,'1 na 1',2002,5.9),
(576,'1 s a semmi',2004,NULL),
(577,'1+1=1?',1980,NULL),
(578,'1+2 = Paradise',1989,NULL),
(579,'1, 2, 3, Coco',1991,NULL),
(580,'1,000 Dollars a Minute',1935,NULL),
(584,'1,500,000 of Us',1959,NULL),
(585,'1,99 - Um Supermercado Que Vende Palavras',2003,4.9),
(586,'43831',1986,NULL),
(587,'1-100',1978,NULL),
(588,'1-2-3 Corona',1948,NULL),
(589,'1-2-3 Go!',1941,2.3),
(590,'1-2-3 Magic',1990,NULL),
(591,'1-2-3-4 ou Les Collants noirs',1960,7.3),
(594,'1-900',1996,2),
(595,'1-Ichi',2003,NULL),
(597,'1. April 2000',1952,6.8),
(598,'1. de ei',2000,NULL),
(599,'1. maj 1960',1960,NULL),
(600,'1. maj 1961 godine u Sarajevu',1961,NULL),
(601,'1/2 8',1995,NULL),
(602,'1/2 Acht',1999,NULL),
(603,'1/2 Mensch',1986,7.4),
(604,'1/3 qing ren',1992,NULL),
(605,'1/57: Versuch mit synthetischem Ton (Test)',1957,NULL),
(606,'10',1979,5.7),
(607,'10 + 2: El gran secreto',2001,NULL),
(609,'10 Again',2003,NULL),
(610,'10 Attitudes',2001,1.7),
(611,'10 Beers in 10 Minutes',1999,NULL),
(612,'10 Cents a Minute',2001,NULL),
(613,'10 Days in a Nudist Camp',1952,NULL),
(614,'10 Days, 10 Years',2003,NULL),
(615,'10 del Texas, I',1961,3.8),
(616,'10 dit sulmi',1970,NULL),
(617,'10 dni neplateni',1972,NULL),
(618,'10 from Your Show of Shows',1973,8.8),
(619,'10 Jahre DDR in Filmdokumenten 1949-1959',1959,NULL),
(620,'10 juin 1944',1961,NULL),
(621,'10 Magnificent Blondes',2003,NULL),
(622,'10 Magnificent Killers',1977,2.6),
(625,'10 meraviglie dellamore, Le',1969,NULL),
(626,'10 Miles/Hour',1970,NULL),
(627,'10 Million Dollar Getaway, The',1991,NULL),
(628,'10 minuta',2002,8),
(629,'10 Minute Film School',1998,NULL),
(630,'10 Minute Run!!!, The',2001,NULL),
(631,'10 Minuten Berlin',1989,NULL),
(632,'10 Minuten zwischen Hamburg und Salzburg',2004,NULL),
(633,'10 More Minutes... Anatomy of a Shootout',1998,NULL),
(634,'10 on Ten',2004,5.8),
(635,'10 pecados y un acto de contricin',2001,NULL),
(636,'10 pesen o Moskve',1997,NULL),
(637,'10 pesos',2003,NULL),
(639,'10 Rillington Place',1971,7.1),
(640,'10 seconden',2001,NULL),
(641,'10 Seconds',1998,7.3),
(642,'10 Tage in Calcutta',1984,NULL),
(643,'10 Tage, ein ganzes Leben',2004,NULL),
(644,'10 Things I Hate About You',1999,6.7),
(645,'10 to Midnight',1983,5.4),
(646,'10 Violent Women',1982,4.1),
(647,'10 vistas de los lugares ms poticos y concurridos de Orizaba',1905,NULL),
(648,'10 vjetori i lavdishm',1954,NULL),
(650,'10 Years of Heartbeat',2002,NULL),
(651,'10 r der rystede verden',1991,NULL),
(652,'10 r p bagen - 3 r i skyggen',1990,NULL),
(653,'10% nadeje',1976,NULL),
(656,'10,000 Black Men Named George',2002,NULL),
(657,'10,000 Cigarettes',2004,NULL),
(658,'10,000 Delusions',1999,NULL),
(659,'10,000 Dollars',1915,NULL),
(660,'10,000 Kids and a Cop',1948,NULL),
(661,'10,000 Maniacs Time Capsule',1990,NULL),
(662,'10-13 - nur Lgen vielleicht',1992,NULL),
(663,'10-7 for Life',1995,NULL),
(664,'10-93/11-94 Musikvideos aus sterreich',1994,NULL),
(665,'10-Speed',2001,NULL),
(666,'10-Yard Fight',1983,NULL),
(667,'10. Mai, Der',1957,NULL),
(669,'10.32',1966,NULL),
(670,'10.7',1997,NULL),
(671,'10/65: Selbstverstmmelung',1965,NULL),
(672,'100 aos de perdn',1998,6.3),
(673,'100 Bullets',2004,NULL),
(674,'100 Cameras: Capturing Lars Von Triers Vision',2000,NULL),
(675,'100 Days',1991,5.9),
(676,'100 Days',2001,6.4),
(677,'100 Days in the Jungle',2002,NULL),
(678,'100 de lei',1973,NULL),
(679,'100 dessins dessous',1996,NULL),
(680,'100 Doors',2003,NULL),
(681,'100 dragspel och en flicka',1946,NULL),
(682,'100 Girls',2000,5.8),
(683,'100 Girls by Bunny Yeager',1999,NULL),
(684,'100 gramm dlya khrabrosti',1976,NULL),
(685,'100 Greatest Kids TV Shows, The',2001,NULL),
(686,'100 Greatest Movie Stars, The',2003,NULL),
(687,'100 Greatest Musicals, The',2003,NULL),
(688,'100 Greatest Number One Singles',2001,NULL),
(689,'100 Greatest TV Ads, The',2000,NULL),
(690,'100 Greatest TV Characters, The',2001,NULL),
(691,'100 Greatest TV Moments from Hell',2000,NULL),
(692,'100 Greatest TV Moments, The',1999,NULL),
(693,'100 Greatest Videos',2003,NULL),
(694,'100 Greatest Women of Rock & Roll',1999,NULL),
(695,'100 Jahre Adolf Hitler - Die letzte Stunde im Fhrerbunker',1989,6.3),
(696,'100 Jahre FC Bayern',2000,NULL),
(697,'100 Jahre Kino',1995,NULL),
(698,'100 Jahre Mattscheibe',1997,NULL),
(699,'100 kelloa',1998,NULL),
(700,'100 Kilos',2001,NULL),
(701,'100 kilos de plomo',2002,NULL),
(702,'100 Kilos de Reyna, Los',1998,NULL),
(703,'100 Lat W Kinie',1995,NULL),
(704,'100 Lives of Black Jack Savage, The',1991,NULL),
(705,'100 Lovers of Jesus Reynolds',2004,NULL),
(706,'100 meter fri',1993,NULL),
(707,'100 Mile Rule',2002,5.6),
(708,'100 milinu zen',1942,NULL),
(709,'100 minuta slave',2004,6.8),
(710,'100 Most Irresistible Women',2003,NULL),
(711,'100 Pigmies and Andy Panda',1940,NULL),
(712,'100 plus',1967,NULL),
(713,'100 Pro',2001,5.2),
(714,'100 Proof',1997,3.3),
(715,'100 Rifles',1969,5.6),
(716,'100 Sexiest Artists',2002,NULL),
(717,'100 tag cignyzenekar a Hsk tern, A',1996,NULL),
(718,'100 to One Shot; or, A Run of Luck, The',1906,NULL),
(719,'100 tona shtastie',1978,NULL),
(720,'100 Worst Pop Records',2004,NULL),
(722,'100 Years in Search of Solitude',2000,NULL),
(723,'100 Years of Hope and Humor',2003,NULL),
(724,'100 Years of Horror',1996,NULL),
(725,'100 Years of Horror: Freaks',1996,NULL),
(726,'100 Years of Horror: Giants and Dinosaurs',1996,NULL),
(727,'100 Years of Horror: Maniacs',1996,NULL),
(728,'100 Years of Horror: Scream Queens',1996,NULL),
(729,'100 Years of Horror: Sorcerers',1996,NULL),
(730,'100 Years of Horror: The Aristocrats of Evil',1996,NULL),
(731,'100 Years of Horror: The Count and Company',1996,NULL),
(732,'100 Years of Horror: The Double Demons',1996,NULL),
(733,'100 Years of Horror: The Evil Unseeable',1996,NULL),
(734,'100 Years of Horror: The Frankenstein Family',1996,NULL),
(735,'100 Years of Horror: The Monster Makers',1996,NULL),
(736,'100 Years of Horror: The Walking Dead',1996,NULL),
(737,'100 Years of Horror: Witchcraft and Demons',1996,NULL),
(739,'100 Years of Olympic Glory',1996,NULL),
(740,'100 Years of the Hollywood Western',1994,NULL),
(741,'100 Years of Women',1999,NULL),
(742,'100 Years: The Australian Story',2001,NULL),
(743,'100% Amateur - Vol. 36',1997,NULL),
(744,'100% Amateur 23',1996,NULL),
(745,'100% Amateur 44',1998,NULL),
(746,'100% Amateur 47',1998,NULL),
(749,'100% Arabica',1997,2.4),
(750,'100% bio',2003,NULL),
(754,'100% Blowjobs 12',2003,NULL),
(755,'100% Blowjobs 13',2003,NULL),
(759,'100% Blowjobs 17',2003,NULL),
(760,'100% Blowjobs 18',2003,NULL),
(763,'100% Blowjobs 20',2003,NULL),
(764,'100% Blowjobs 21',2003,NULL),
(765,'100% Blowjobs 22',2003,NULL),
(766,'100% Blowjobs 23',2004,NULL),
(767,'100% Blowjobs 24',2004,NULL),
(768,'100% Blowjobs 25',2004,NULL),
(770,'100% Blowjobs 27',2004,NULL),
(780,'100% Cotton',2003,NULL),
(781,'100% Girls',2003,NULL),
(782,'100% Healthy with Anne Diamond',1997,NULL),
(783,'100% Helmig',2001,NULL),
(784,'100% Interracial',2003,NULL),
(785,'100% Interracial 2',2003,NULL),
(786,'100% Interracial 3',2004,NULL),
(789,'100% lana',1999,NULL),
(790,'100% Masturbations 1',2003,NULL),
(795,'100% NYC: Tribeca Film Festival',2003,NULL),
(796,'100% Outdoor Fun',2003,NULL),
(797,'100% potosino',2001,NULL),
(798,'100% Service',1931,7.8),
(801,'100% Wool',1986,NULL),
(802,'100%, the Art of Conversation',1996,NULL),
(803,'100000',2001,NULL),
(804,'100,000 Cobbers',1942,NULL),
(805,'100.000 korons ruha, A',1918,NULL),
(806,'1000 AD',1999,NULL),
(807,'1000 Boomerangs',1994,5.2),
(808,'1000 Caloriot',2001,NULL),
(809,'1000 Convicts and a Woman',1971,6.9),
(810,'1000 Cumshots',2003,NULL),
(811,'1000 DM',2004,NULL),
(812,'1000 Dollar Belohnung',1923,NULL),
(813,'1000 dollarov v odnu storonu',1991,NULL),
(814,'1000 Feet',2000,NULL),
(815,'1000 godina Pazina',1983,NULL),
(816,'1000 hronia prin',1977,NULL),
(817,'1000 kivika trela',1986,NULL),
(818,'1000 Marys',2001,NULL),
(819,'1000 Meilen fr die Liebe',2001,NULL),
(820,'1000 Miles From Nowhere',1998,NULL),
(821,'1000 pse?',1975,NULL),
(822,'1000 Rosen',1994,5.5),
(823,'1000 Shapes of a Female',1963,2.2),
(824,'1000 Thalaivangi Apoorva Chintamani',1947,NULL),
(825,'1000 Worte deutsch',1930,NULL),
(826,'1000-nen kizami no hidokei',1987,NULL),
(827,'10000 malchikov',1961,NULL),
(828,'100000 lires',1948,NULL),
(829,'10000th Day, The',1997,8),
(830,'1001 Arabian Knots',1994,NULL),
(831,'1001 Arabian Nights',1959,5.7),
(832,'1001 crtez',1960,NULL),
(834,'1001 films',1989,NULL),
(835,'1001 marguerites, Les',1986,NULL),
(836,'1001 Nights',1996,NULL),
(837,'1001 Nights',1998,9),
(838,'1001 Posies do Amor, As',1979,NULL),
(839,'1001. kilomter, Az',1973,NULL),
(840,'1002',1992,NULL),
(841,'1002 AD Khajoraho',1973,NULL),
(842,'1003. Nacht, Die',1993,NULL),
(843,'100th Telecast: Pavarotti Plus! Live from Lincoln Center, The',1991,NULL),
(844,'100th Test Match at Lords: The Ultimate Test',2000,NULL),
(845,'101',1989,7.6),
(846,'101 Biggest Celebrity Oops',2004,NULL),
(847,'101 Dalmatians',1996,5.6),
(848,'101 Dalmatians',1998,NULL),
(849,'101 Dalmatians II: Patchs London Adventure',2003,NULL),
(850,'101 Dalmatians Sing Along',1996,NULL),
(851,'101 Dalmatians, a Canines Tale',1996,NULL),
(852,'101 Dalmatians: Escape from DeVil Manor',1999,NULL),
(853,'101 Days of 101 Dalmatians',1995,NULL),
(866,'101 Most Starlicious Makeovers',2004,NULL),
(867,'101 Most Unforgettable SNL Moments',2004,NULL),
(868,'101 Reasons Why the 90s Rocked',2004,NULL),
(869,'101 Rent Boys',2000,6.1),
(870,'101 Reykjavk',2000,6.9),
(871,'101 Sensual Ways of Making Love',1993,NULL),
(872,'101 Sex Positions',1994,1.7),
(873,'101 Things Removed From the Human Body',2004,NULL),
(874,'101 Ways (The Things a Girl Will Do to Keep Her Volvo',2000,NULL),
(875,'101-vy kilometer',2001,5.8),
(876,'101st Propositio The',1998,NULL),
(877,'101st Regiment, French Infantry',1898,NULL),
(878,'102',2001,NULL),
(879,'102 Boulevard Haussmann',1991,NULL),
(880,'102 Dalmatians',2000,4.7),
(881,'102 Dalmatians: Puppies to the Rescue',2000,NULL),
(882,'102 Liebespositionen',2001,NULL),
(883,'103 Degrees',1993,NULL),
(884,'103 Megacycles',1984,NULL),
(885,'104th Street Curve, New York, Elevated Railway',1899,3.3),
(886,'105 % alibi',1959,NULL),
(887,'105 ha otoko no bang',1996,NULL),
(888,'106 Dana',1966,NULL),
(889,'1066: And All That',1939,NULL),
(890,'108 Stitches',2001,NULL),
(891,'1080 Snowboarding',1998,NULL),
(892,'1080: Avalanche',2003,NULL),
(893,'0.423611111111111',2000,6.1),
(894,'0.429166666666667',1995,NULL),
(895,'10:30 Check-Out',2002,NULL),
(896,'10:30 P.M. Summer',1966,5.8),
(897,'10b/65: Silber - Aktion Brus',1965,NULL),
(898,'10e chambre - Instants audience',2004,7.1),
(899,'10th & Wolf',2006,NULL),
(900,'10th Annual Screen Actors Guild Awards',2004,NULL),
(901,'10th Kingdom: The Making of an Epic, The',2000,NULL),
(902,'10th Penna Volunteers',1899,NULL),
(903,'10th Pennsylvania Drilling at Manila',1903,NULL),
(904,'10th U.S. Infantry Disembarking From Cars',1898,NULL),
(905,'10th U.S. Infantry, 2nd Battalion Leaving Cars',1898,2.8),
(906,'11',1980,NULL),
(907,'11 commandements, Les',2004,5),
(908,'11 de septiembre (2002/I)',2002,NULL),
(909,'11 de septiembre de 1973. El ltimo combate de Salvador Allende',1998,7.3),
(910,'11 Harrowhouse',1974,5.9),
(911,'11 in Life',1998,NULL),
(912,'11 juni 1990',1991,NULL),
(913,'11 Minutes Ago',2005,NULL),
(914,'11 november, wapenstilstand',1931,NULL),
(915,'11 O Clock',1948,NULL),
(916,'11 ottavi',2000,NULL),
(917,'11 septembre a pas eu lieu..., Le',2004,NULL),
(918,'11 Steps to Survival',1973,NULL),
(919,'11 Uhr 59',2000,NULL),
(920,'11 x 14',1977,NULL),
(921,'11 09 01 - September 11',2002,6.9),
(922,'11* mandamiento, El',2000,NULL)



/*
CREATE AND INSERT VALUES INTO MOVIES_DIRECTORS TABLE 
*/

               					    					

USE [imdb]
GO

CREATE TABLE [dbo].[movies_directors]
	(
	[director_id] [int] NOT NULL,
	[movie_id] [int] NOT NULL,
	)

INSERT INTO movies_directors VALUES
(1,378879),
(2,281325),
(3,30621),
(3,304743),
(4,60570),
(5,63525),
(6,118137),
(8,4860),
(8,18086),
(8,18458),
(8,23136),
(8,36169),
(8,58625),
(8,83754),
(8,90571),
(8,90573),
(8,131879),
(8,165214),
(8,166374),
(8,175886),
(8,177826),
(8,177841),
(8,179870),
(8,200627),
(8,205062),
(8,223321),
(8,227724),
(8,237051),
(8,239311),
(8,247163),
(8,249858),
(8,262889),
(8,270188),
(8,271663),
(8,271667),
(8,271757),
(8,283885),
(8,299400),
(8,300290),
(8,339759),
(8,352881),
(8,354315),
(9,232582),
(10,343779),
(11,239313),
(12,166846),
(12,261141),
(13,382897),
(13,382898),
(14,79376),
(15,140388),
(16,175114),
(17,4719),
(17,36265),
(18,142397),
(19,234536),
(21,65495),
(22,163180),
(22,170922),
(22,198671),
(22,207893),
(22,211486),
(22,271630),
(22,333030),
(22,341541),
(22,343406),
(22,394792),
(23,1807),
(25,381842),
(26,71939),
(26,145050),
(26,285322),
(27,278204),
(28,5334),
(28,295075),
(28,338551),
(29,72709),
(31,80762),
(31,86476),
(31,117490),
(31,157146),
(31,157784),
(31,200860),
(31,208470),
(31,214985),
(31,219248),
(31,289021),
(31,330376),
(31,347746),
(31,363005),
(32,27631),
(32,188130),
(32,235574),
(32,348839),
(32,398143),
(33,207526),
(33,350027),
(34,393734),
(35,34429),
(36,278871),
(37,49754),
(37,112471),
(37,131679),
(37,180403),
(37,306391),
(38,66707),
(39,389219),
(40,231371),
(41,210163),
(42,49100),
(42,99356),
(42,242949),
(42,277372),
(42,327787),
(42,376861),
(43,240578),
(44,220510),
(45,184732),
(45,234685),
(45,280727),
(45,296459),
(45,370129),
(46,28684),
(47,226433),
(48,303791),
(49,242676),
(50,45872),
(50,344198),
(51,163931),
(51,295498),
(52,210206),
(52,210207),
(52,248057),
(52,379976),
(52,389327),
(52,395111),
(52,399011),
(52,399431),
(52,404656),
(52,404853),
(52,405367),
(52,406127),
(52,407456),
(52,410243),
(52,411292),
(53,58431),
(53,64718),
(53,86252),
(53,123520),
(53,182253),
(53,182266),
(53,312954),
(54,13492),
(54,21868),
(55,326270),
(56,58172),
(56,67900),
(56,155836),
(56,196888),
(57,196831),
(58,78431),
(58,246659),
(59,4154),
(59,4431),
(59,17094),
(59,36147),
(59,36149),
(59,43292),
(59,59390),
(59,59396),
(59,85373),
(59,85374),
(59,88490),
(59,92493),
(59,98110),
(59,98455),
(59,109404),
(59,128053),
(59,136402),
(59,137817),
(59,145581),
(59,170250),
(59,172542),
(59,186195),
(59,222449),
(59,227414),
(59,228844),
(59,247995),
(59,248803),
(59,254730),
(59,271034),
(59,284757),
(59,298241),
(59,326676),
(59,335339),
(60,164978),
(61,98471),
(61,98494),
(61,109110),
(61,295544),
(61,300318),
(62,5253),
(62,202301),
(62,325195),
(62,350810),
(63,328631),
(64,176931),
(65,341130),
(66,227442),
(67,148381),
(68,347407),
(69,36445),
(70,313951),
(70,316755),
(71,10865),
(71,50036),
(71,210208),
(71,240744),
(71,291225),
(71,297839),
(72,7132),
(72,112605),
(73,59685),
(74,241578),
(74,263307),
(74,312366),
(74,334410),
(75,38808),
(75,55447),
(75,60171),
(75,77448),
(75,137548),
(75,157247),
(75,204744),
(75,224301),
(75,246859),
(75,291733),
(75,292822),
(75,315100),
(75,335638),
(75,364544),
(76,70932),
(79,256333),
(80,361223),
(81,185505),
(81,195809),
(81,379667),
(81,381124),
(81,382642),
(81,383209),
(81,386686),
(81,389988),
(81,390018),
(81,393193),
(81,396109),
(81,397224),
(81,398538),
(81,398539),
(81,398979),
(81,399601),
(81,401850),
(81,404265),
(81,410797),
(81,410964),
(81,411411),
(82,388149),
(83,224424),
(84,360008),
(85,66984),
(86,335225),
(86,345313),
(87,8276),
(87,25048),
(87,162775),
(88,63230),
(88,377710),
(89,9764),
(89,78612),
(89,174529),
(90,6228),
(90,25456),
(90,25703),
(90,31481),
(90,95225),
(90,95227),
(90,124676),
(90,126982),
(90,139349),
(90,171842),
(90,172710),
(90,176414),
(90,198579),
(90,199681),
(90,208787),
(90,223339),
(90,271588),
(90,278162),
(90,284696),
(90,303358),
(90,322881),
(90,375536),
(91,222298),
(92,19910),
(92,19914),
(92,27763),
(92,178242),
(92,220686),
(92,284635),
(92,288236),
(93,4901),
(93,7268),
(93,7713),
(93,8596),
(93,8924),
(93,9391),
(93,9751),
(93,15346),
(93,16554),
(93,19918),
(93,20651),
(93,23040),
(93,28900),
(93,33211),
(93,43147),
(93,92089),
(93,100901),
(93,108641),
(93,117886),
(93,127005),
(93,136868),
(93,137611),
(93,152389),
(93,155165),
(93,157338),
(93,162670),
(93,163782),
(93,165646),
(93,172712),
(93,173844),
(93,183085),
(93,206604),
(93,221641),
(93,225766),
(93,226474),
(93,230066),
(93,276306),
(93,285534),
(93,285540),
(93,289281),
(93,323063),
(93,323688),
(93,324985),
(93,332733),
(93,348929),
(93,358017),
(93,358198),
(93,375556),
(94,191483),
(94,275014),
(95,172576),
(95,184066),
(96,281075),
(97,19723),
(97,155960),
(97,270956),
(97,275637),
(97,371899),
(98,178950),
(98,285969),
(99,46577),
(99,186488),
(99,268580),
(100,175742),
(100,284758),
(101,88475),
(102,382845),
(102,399738),
(102,402449),
(103,137996),
(104,20404),
(104,200518),
(104,239370),
(104,244092),
(104,244093),
(104,248324),
(104,258379),
(104,261938),
(104,275970),
(104,305141),
(104,305216),
(104,357344),
(105,16971),
(107,91258),
(108,370493),
(109,318210),
(110,33240),
(110,324880),
(111,33240),
(111,34535),
(111,124845),
(111,201011),
(111,293718),
(112,69746),
(113,202809),
(113,202810),
(114,63702),
(114,384218),
(114,390730),
(115,255768),
(115,327044),
(116,327804),
(116,382289),
(116,394016),
(117,238832),
(118,373380),
(118,389663),
(118,411884),
(119,245883),
(120,178391),
(121,138786),
(122,21813),
(122,138485),
(122,179397),
(122,232573),
(122,288352),
(123,236537),
(124,39405),
(124,65427),
(124,161117),
(124,234184),
(124,299909),
(124,341772),
(124,348526),
(124,358473),
(125,137844),
(126,121499),
(127,107635),
(127,162567),
(128,11899),
(128,129707),
(128,227741),
(128,316810),
(129,8563),
(129,211360),
(129,259895),
(129,282058),
(129,358655),
(130,107635),
(130,162567),
(131,99606),
(131,188278),
(131,199171),
(131,309015),
(132,157894),
(133,399050),
(134,387387),
(134,388205),
(135,118677),
(136,201491),
(136,309567),
(137,335639),
(137,384725),
(137,398727),
(137,398781),
(137,405469),
(137,406414),
(138,233251),
(139,10281),
(139,122299),
(139,257347),
(140,36486),
(140,38716),
(140,45444),
(140,49112),
(140,49116),
(140,49120),
(140,77084),
(140,144251),
(140,174386),
(140,174485),
(140,193537),
(140,202096),
(140,202414),
(140,226671),
(140,246555),
(140,249636),
(140,266974),
(140,284680),
(140,285402),
(140,322972),
(140,344201),
(141,270617),
(142,123494),
(142,165612),
(142,198384),
(143,69244),
(144,95713),
(145,195730),
(146,68129),
(147,390120),
(148,87225),
(148,366571),
(148,389771),
(149,80821),
(149,227509),
(149,336914),
(150,150854),
(151,15862),
(151,60481),
(151,103613),
(151,202256),
(151,285994),
(152,131104),
(152,230428),
(152,383655),
(152,405092),
(152,405714),
(153,358200),
(154,354972),
(155,387188),
(156,109821),
(157,92679),
(158,274494),
(159,267265),
(160,309757),
(161,320592),
(162,395680),
(163,387370),
(164,311259),
(165,12729),
(165,14934),
(165,27949),
(165,53094),
(165,54345),
(165,55366),
(165,67744),
(165,74989),
(165,91407),
(165,101514),
(165,101800),
(165,103505),
(165,103973),
(165,112107),
(165,112157),
(165,125720),
(165,128057),
(165,128058),
(165,128059),
(165,159367),
(165,192963),
(165,192969),
(165,207591),
(165,225559),
(165,273665),
(165,277198),
(165,279826),
(165,308896),
(165,322719),
(165,335174),
(165,335177),
(165,339132),
(165,351557),
(166,221723),
(166,296499),
(167,225778),
(168,129831),
(169,289031),
(170,320396),
(171,251367),
(172,121865),
(173,63933),
(174,53432),
(174,120261),
(174,244664),
(175,250606),
(176,219231),
(177,175906),
(177,175910),
(177,226082),
(177,226734),
(177,341510),
(178,152332),
(179,63411),
(180,25126),
(180,77345),
(180,111137),
(180,320010),
(180,341127),
(181,9756),
(181,15328),
(181,28900),
(181,31479),
(181,36599),
(181,36600),
(181,38325),
(181,76854),
(181,109749),
(181,137952),
(181,152143),
(181,183008),
(181,183076),
(181,184081),
(181,186390),
(181,216703),
(181,221781),
(181,221802),
(181,222463),
(181,268559),
(181,268560),
(181,272991),
(181,285902),
(181,288038),
(181,296607),
(181,297615),
(181,300818),
(181,324996),
(181,358232),
(181,361585),
(181,374186),
(182,355085),
(183,125469),
(184,214676),
(185,203313),
(185,308645),
(186,155057),
(187,311831),
(188,8490),
(188,14510),
(188,60718),
(188,144690),
(188,180609),
(188,264955),
(188,339955),
(188,353779),
(189,114129),
(189,382130),
(190,176495),
(190,195145),
(190,215461),
(190,394409),
(190,395432),
(190,407344),
(191,387209),
(192,383718),
(192,384119),
(192,396180),
(192,398661),
(192,398816),
(193,44307),
(193,44800),
(193,57030),
(193,61232),
(193,72244),
(193,88830),
(193,93659),
(193,112495),
(193,120743),
(193,128221),
(193,133427),
(193,140135),
(193,144583),
(193,149420),
(193,215915),
(193,235218),
(193,254532),
(193,262329),
(193,272139),
(193,276754),
(193,277976),
(193,282357),
(193,283865),
(193,292885),
(193,305763),
(193,308393),
(193,309853),
(193,316196),
(193,321532),
(193,329026),
(193,329120),
(193,363740),
(193,379312),
(193,384326),
(193,391564),
(193,393822),
(194,400),
(194,9125),
(194,28665),
(194,36871),
(194,150350),
(194,150351),
(194,165422),
(194,283944),
(194,335880),
(194,361167),
(194,401761),
(195,94254),
(196,352995),
(197,6122),
(198,2108),
(199,288311),
(200,108580),
(201,87553),
(201,281798),
(202,95652),
(203,24862),
(203,89981),
(203,351063),
(204,16539),
(205,327094),
(206,320663),
(207,375347),
(208,132439),
(209,64374),
(210,68346),
(211,178962),
(211,242867),
(211,315963),
(212,267105),
(213,215880),
(213,379661),
(213,388566),
(213,396022),
(214,195106),
(214,245709),
(214,317740),
(215,357125),
(216,253049),
(216,299553),
(216,398154),
(217,160973),
(218,401),
(218,34071),
(218,39118),
(218,42189),
(218,46978),
(218,48340),
(218,84298),
(218,90211),
(218,109091),
(218,128953),
(218,138180),
(218,166848),
(218,173730),
(218,174722),
(218,182264),
(218,192929),
(218,198016),
(218,224916),
(218,243672),
(218,248932),
(218,261150),
(218,276291),
(218,281199),
(218,281907),
(218,310493),
(218,314911),
(218,315578),
(218,321970),
(218,333617),
(218,338884),
(218,341697),
(218,354595),
(218,357797),
(218,357802),
(218,377301),
(218,394085),
(218,403914),
(218,408999),
(219,21792),
(219,46782),
(219,61557),
(219,64870),
(219,69048),
(219,97204),
(219,101503),
(219,107298),
(219,116733),
(219,117377),
(219,143215),
(219,143417),
(219,154047),
(219,157045),
(219,198049),
(219,209382),
(219,218930),
(219,219919),
(219,220007),
(219,241477),
(219,244088),
(219,295811),
(219,302906),
(219,302948),
(219,308012),
(219,348083),
(219,365668),
(219,368991),
(220,82092),
(220,278526),
(220,366910),
(220,405828),
(221,29293),
(222,341146),
(222,344717),
(223,269531),
(223,373811),
(224,103666),
(225,68621),
(226,70701),
(226,256153),
(226,377617),
(227,379001),
(227,379648),
(227,396333),
(227,398806),
(227,400482),
(227,403782),
(228,70048),
(229,406313),
(230,63805),
(232,7347),
(232,101761),
(232,165042),
(232,308448),
(233,148047),
(233,273740),
(233,353176),
(234,50081),
(235,67608),
(235,67615),
(235,157251),
(235,318614),
(235,379660),
(235,380507),
(235,380567),
(235,383353),
(235,384125),
(235,386562),
(235,386601),
(235,386602),
(235,387297),
(235,387485),
(235,388546),
(235,389969),
(235,390644),
(235,391052),
(235,391055),
(235,391161),
(235,394708),
(235,396676),
(235,398424),
(235,398569),
(235,399154),
(235,399427),
(235,401764),
(235,403705),
(235,404179),
(235,405515),
(235,407178),
(236,16547),
(237,215138),
(238,108522),
(239,14272),
(239,203850),
(240,381015),
(240,396594),
(241,127662),
(241,173542),
(242,352707),
(243,23077),
(244,202290),
(244,287065),
(245,23138),
(245,85451),
(245,101664),
(245,204895),
(245,270170),
(246,1123),
(246,9716),
(246,117527),
(246,181435),
(246,228898),
(246,373022),
(247,207858),
(248,379244),
(248,384867),
(248,387166),
(248,389662),
(248,390380),
(248,399147),
(248,399940),
(248,400445),
(248,403738),
(248,404185),
(248,406987),
(248,409412),
(249,348744),
(250,258597),
(251,63594),
(251,86827),
(251,175881),
(251,200053),
(251,209105),
(251,217780),
(251,223549),
(251,228540),
(251,268586),
(251,286666),
(251,303878),
(251,320507),
(251,351076),
(252,72723),
(253,289331),
(254,401609),
(255,405010),
(256,344279),
(256,356934),
(257,108489),
(258,26508),
(259,295109),
(259,307466),
(259,353671),
(260,48868),
(262,237012),
(263,49443),
(263,124581),
(263,139916),
(263,318524),
(263,328160),
(263,377147),
(264,76534),
(265,38353),
(265,63896),
(265,83508),
(265,101798),
(265,107254),
(265,327878),
(265,336109),
(266,172174),
(267,1447),
(267,1451),
(267,288099),
(268,9942),
(268,57914),
(268,80110),
(268,105604),
(268,111329),
(269,9942),
(269,57914),
(269,80110),
(269,105604),
(270,8527),
(270,12138),
(271,27982),
(271,337458),
(272,234308),
(272,386791),
(272,407431),
(273,241397),
(274,334644),
(274,334689),
(275,349070),
(276,119408),
(276,119409),
(277,220209),
(278,136928),
(278,208864),
(278,313094),
(279,410155),
(280,2252),
(281,86790),
(281,258335),
(281,268821),
(281,346704),
(282,84682),
(282,116441),
(282,166268),
(282,278810),
(282,350083),
(283,4114),
(283,25666),
(283,29020),
(283,85401),
(283,183924),
(283,228863),
(283,249144),
(283,299566),
(283,344368),
(284,35982),
(285,311930),
(286,56234),
(286,70932),
(286,204834),
(286,342753),
(287,119401),
(287,277805),
(288,1985),
(288,42533),
(288,261975),
(289,226924),
(290,11735)


/*
CREATE AND INSERT VALUES INTO movies_genres TABLE 
*/
               

USE [imdb]
GO

CREATE TABLE [dbo].[movies_genres]
(
	[movie_id] [int] NOT NULL,
	[genre] [varchar](100) NOT NULL,
)

INSERT INTO movies_genres VALUES
(1,'Documentary'),
(1,'Short'),
(2,'Comedy'),
(2,'Crime'),
(5,'Western'),
(6,'Comedy'),
(6,'Family'),
(8,'Animation'),
(8,'Comedy'),
(8,'Short'),
(9,'Drama'),
(10,'Family'),
(11,'Comedy'),
(12,'Crime'),
(12,'Drama'),
(12,'Short'),
(13,'Animation'),
(13,'Short'),
(14,'Drama'),
(14,'Romance'),
(14,'Short'),
(15,'Comedy'),
(15,'Short'),
(17,'Short'),
(18,'Comedy'),
(19,'Mystery'),
(20,'Crime'),
(20,'Thriller'),
(21,'Comedy'),
(21,'Drama'),
(22,'Drama'),
(24,'Adult'),
(25,'Short'),
(26,'Western'),
(28,'Comedy'),
(28,'Short'),
(29,'Comedy'),
(29,'Short'),
(31,'Drama'),
(32,'Documentary'),
(32,'Music'),
(33,'Action'),
(33,'Crime'),
(33,'Thriller'),
(34,'Short'),
(35,'Comedy'),
(35,'Short'),
(36,'Documentary'),
(36,'Short'),
(37,'Crime'),
(38,'Drama'),
(40,'Documentary'),
(41,'Western'),
(42,'Music'),
(43,'Drama'),
(44,'Drama'),
(45,'Music'),
(46,'Documentary'),
(47,'Comedy'),
(47,'Short'),
(50,'Comedy'),
(50,'Fantasy'),
(50,'Sci-Fi'),
(50,'Short'),
(51,'Short'),
(52,'Action'),
(52,'Comedy'),
(53,'Action'),
(53,'Comedy'),
(53,'Crime'),
(56,'Documentary'),
(57,'Drama'),
(58,'Short'),
(59,'Comedy'),
(60,'Short'),
(61,'Documentary'),
(61,'Short'),
(62,'Horror'),
(62,'Sci-Fi'),
(64,'Documentary'),
(66,'Documentary'),
(67,'Documentary'),
(68,'Documentary'),
(68,'Short'),
(69,'Drama'),
(69,'War'),
(70,'Documentary'),
(70,'Short'),
(71,'Musical'),
(72,'Documentary'),
(72,'Short'),
(73,'Comedy'),
(73,'Family'),
(73,'Horror'),
(74,'Comedy'),
(74,'Short'),
(76,'Animation'),
(76,'Comedy'),
(76,'Short'),
(77,'Documentary'),
(77,'Short'),
(78,'Documentary'),
(79,'Documentary'),
(80,'Documentary'),
(80,'Short'),
(81,'Documentary'),
(81,'Short'),
(82,'Documentary'),
(82,'Short'),
(83,'Documentary'),
(83,'Short'),
(84,'Documentary'),
(84,'Short'),
(85,'Documentary'),
(86,'Documentary'),
(87,'Documentary'),
(87,'Short'),
(88,'Documentary'),
(88,'Short'),
(89,'Documentary'),
(89,'Short'),
(90,'Documentary'),
(91,'Documentary'),
(94,'Action'),
(94,'Adventure'),
(94,'Comedy'),
(95,'Drama'),
(95,'Romance'),
(96,'Short'),
(97,'Documentary'),
(97,'Short'),
(98,'Short'),
(98,'Thriller'),
(99,'Documentary'),
(100,'Animation'),
(100,'Comedy'),
(100,'Short'),
(102,'Documentary'),
(102,'Short'),
(103,'Documentary'),
(104,'Documentary'),
(105,'Drama'),
(105,'Short'),
(106,'Comedy'),
(106,'Short'),
(107,'Short'),
(108,'Crime'),
(108,'Drama'),
(112,'Documentary'),
(112,'Short'),
(114,'Documentary'),
(115,'Documentary'),
(117,'Documentary'),
(117,'Horror'),
(117,'Short'),
(118,'Documentary'),
(118,'Horror'),
(119,'Documentary'),
(120,'Documentary'),
(121,'Comedy'),
(121,'Short'),
(124,'Animation'),
(124,'Comedy'),
(124,'Family'),
(124,'Short'),
(127,'Western'),
(128,'Comedy'),
(129,'Documentary'),
(130,'Drama'),
(130,'Family'),
(131,'Short'),
(132,'Documentary'),
(132,'Short'),
(133,'Horror'),
(133,'Sci-Fi'),
(135,'Documentary'),
(135,'Short'),
(136,'Comedy'),
(136,'Short'),
(137,'Drama'),
(137,'Fantasy'),
(139,'Comedy'),
(140,'Family'),
(141,'Drama'),
(141,'Family'),
(142,'Documentary'),
(143,'Documentary'),
(143,'Short'),
(144,'Documentary'),
(146,'Documentary'),
(148,'Animation'),
(148,'Short'),
(152,'Comedy'),
(152,'Romance'),
(153,'Short'),
(155,'Documentary'),
(156,'Horror'),
(158,'Drama'),
(159,'Drama'),
(160,'Drama'),
(161,'Documentary'),
(162,'Documentary'),
(162,'Short'),
(163,'Documentary'),
(163,'Short'),
(164,'Short'),
(165,'Documentary'),
(165,'Short'),
(166,'Romance'),
(167,'Crime'),
(168,'Crime'),
(171,'Documentary'),
(171,'Short'),
(172,'Comedy'),
(173,'Comedy'),
(174,'Short'),
(176,'Music'),
(176,'Short'),
(178,'Family'),
(178,'Music'),
(180,'Documentary'),
(180,'Music'),
(184,'Comedy'),
(184,'Crime'),
(184,'Romance'),
(186,'Comedy'),
(187,'Short'),
(187,'Western'),
(188,'Western'),
(189,'Animation'),
(189,'Short'),
(190,'Western'),
(191,'Drama'),
(192,'Drama'),
(193,'Documentary'),
(195,'Drama'),
(196,'Drama'),
(197,'Drama'),
(198,'Comedy'),
(200,'Drama'),
(202,'Short'),
(204,'Comedy'),
(206,'Documentary'),
(206,'Short'),
(207,'Documentary'),
(207,'Short'),
(208,'Documentary'),
(209,'Drama'),
(210,'Documentary'),
(210,'Short'),
(215,'Documentary'),
(215,'Drama'),
(215,'Short'),
(217,'Drama'),
(217,'Short'),
(218,'Documentary'),
(220,'Documentary'),
(220,'Short'),
(221,'Documentary'),
(221,'Short'),
(222,'Documentary'),
(223,'Drama'),
(223,'Music'),
(224,'Adventure'),
(225,'Music'),
(227,'Documentary'),
(227,'Short'),
(228,'Documentary'),
(229,'Documentary'),
(229,'Short'),
(230,'Drama'),
(230,'Horror'),
(230,'Mystery'),
(230,'Thriller'),
(231,'Documentary'),
(232,'Documentary'),
(233,'Documentary'),
(234,'Documentary'),
(235,'Documentary'),
(236,'Documentary'),
(237,'Documentary'),
(238,'Documentary'),
(239,'Documentary'),
(240,'Documentary'),
(241,'Comedy'),
(242,'Documentary'),
(242,'Short'),
(244,'Documentary'),
(244,'Short'),
(245,'Documentary'),
(248,'Music'),
(248,'Short'),
(249,'Documentary'),
(249,'Short'),
(250,'Documentary'),
(250,'Short'),
(251,'Drama'),
(251,'Family'),
(252,'Family'),
(253,'Comedy'),
(254,'Comedy'),
(256,'Comedy'),
(256,'Short'),
(257,'Animation'),
(257,'Short'),
(258,'Documentary'),
(258,'Short'),
(259,'Documentary'),
(260,'Drama'),
(260,'Short'),
(261,'Short'),
(262,'Horror'),
(263,'Comedy'),
(263,'Romance'),
(264,'Drama'),
(264,'Romance'),
(266,'Drama'),
(266,'Short'),
(267,'Drama'),
(268,'Comedy'),
(268,'Short'),
(270,'Comedy'),
(270,'Musical'),
(270,'Romance'),
(270,'Short'),
(271,'Comedy'),
(271,'Short'),
(274,'Documentary'),
(275,'Comedy'),
(277,'Animation'),
(277,'Comedy'),
(277,'Short'),
(278,'Comedy'),
(278,'Short'),
(279,'Comedy'),
(279,'Family'),
(281,'Fantasy'),
(282,'Animation'),
(282,'Family'),
(283,'Drama'),
(283,'Romance'),
(283,'Short'),
(285,'Comedy'),
(285,'Short'),
(286,'Documentary'),
(286,'Short'),
(287,'War'),
(290,'Comedy'),
(290,'Short'),
(292,'Comedy'),
(292,'Music'),
(292,'Short'),
(293,'Comedy'),
(294,'Comedy'),
(294,'Music'),
(295,'Comedy'),
(295,'Music'),
(297,'Documentary'),
(297,'Short'),
(298,'Short'),
(301,'Documentary'),
(301,'Short'),
(302,'Horror'),
(302,'Mystery'),
(302,'Romance'),
(302,'Thriller'),
(303,'Short'),
(305,'Drama'),
(305,'Short'),
(306,'Short'),
(307,'Animation'),
(307,'Comedy'),
(307,'Family'),
(307,'Short'),
(309,'Short'),
(310,'Drama'),
(311,'Comedy'),
(312,'Documentary'),
(313,'Drama'),
(313,'Romance'),
(314,'Documentary'),
(314,'Short'),
(315,'Short'),
(316,'Short'),
(317,'Drama'),
(318,'Drama'),
(319,'Short'),
(320,'Drama'),
(320,'Fantasy'),
(320,'Short'),
(321,'Short'),
(322,'Comedy'),
(322,'Sci-Fi'),
(323,'Documentary'),
(323,'Short'),
(324,'Animation'),
(324,'Short'),
(327,'Short'),
(328,'Comedy'),
(328,'Family'),
(328,'Fantasy'),
(328,'Sci-Fi'),
(329,'Drama'),
(330,'Animation'),
(330,'Comedy'),
(330,'Short'),
(331,'Drama'),
(332,'Comedy'),
(334,'Sci-Fi'),
(335,'Drama'),
(336,'Drama'),
(337,'Horror'),
(337,'Thriller'),
(338,'Documentary'),
(338,'Short'),
(339,'Comedy'),
(339,'Musical'),
(340,'Short'),
(341,'Comedy'),
(341,'Family'),
(342,'Comedy'),
(344,'Action'),
(344,'Comedy'),
(344,'Drama'),
(344,'Romance'),
(345,'Drama'),
(345,'Romance'),
(346,'Documentary'),
(347,'Documentary'),
(349,'Crime'),
(349,'Drama'),
(349,'Thriller'),
(350,'Thriller'),
(351,'Drama'),
(352,'Drama'),
(353,'Thriller'),
(354,'Documentary'),
(354,'Short'),
(355,'Documentary'),
(357,'Short'),
(359,'Comedy'),
(359,'Drama'),
(359,'Family'),
(359,'Musical'),
(359,'Romance'),
(360,'Drama'),
(360,'Romance'),
(361,'Comedy'),
(361,'Crime'),
(361,'Drama'),
(361,'Thriller'),
(362,'Comedy'),
(362,'Drama'),
(365,'Short'),
(366,'Comedy'),
(367,'Documentary'),
(368,'Short'),
(369,'Comedy'),
(369,'Crime'),
(370,'Comedy'),
(370,'Western'),
(372,'Documentary'),
(374,'Drama'),
(374,'Fantasy'),
(374,'Music'),
(375,'Crime'),
(375,'Western'),
(377,'Drama'),
(377,'Thriller'),
(378,'Short'),
(379,'Comedy'),
(380,'Western'),
(382,'Action'),
(382,'Comedy'),
(385,'Western'),
(388,'Western'),
(390,'Western'),
(394,'Western'),
(396,'Drama'),
(398,'Short'),
(400,'Drama'),
(404,'Drama'),
(405,'Drama'),
(405,'Romance'),
(406,'Documentary'),
(407,'Family'),
(408,'Romance'),
(409,'Short'),
(410,'Crime'),
(410,'Drama'),
(411,'Documentary'),
(412,'Drama'),
(413,'Animation'),
(413,'Comedy'),
(413,'Short'),
(414,'Comedy'),
(417,'Short'),
(418,'Drama'),
(419,'Comedy'),
(423,'Documentary'),
(425,'Drama'),
(427,'Short'),
(428,'Comedy'),
(428,'Drama'),
(429,'Drama'),
(429,'Romance'),
(430,'Action'),
(431,'Drama'),
(431,'Mystery'),
(437,'Drama'),
(438,'Short'),
(440,'Drama'),
(442,'Short'),
(444,'Comedy'),
(445,'Drama'),
(445,'Romance'),
(446,'Drama'),
(446,'War'),
(447,'Documentary'),
(448,'Comedy'),
(449,'Comedy'),
(450,'Action'),
(450,'Drama'),
(451,'Drama'),
(451,'Short'),
(452,'Comedy'),
(452,'Short'),
(454,'Documentary'),
(455,'Comedy'),
(455,'Romance'),
(456,'Drama'),
(456,'Romance'),
(457,'Documentary'),
(464,'Drama'),
(465,'Action'),
(465,'Adventure'),
(465,'Comedy'),
(469,'Documentary'),
(470,'Drama'),
(472,'Crime'),
(475,'Drama'),
(476,'Comedy'),
(476,'Musical'),
(478,'Comedy'),
(480,'Drama'),
(481,'Comedy'),
(484,'Short'),
(485,'Documentary'),
(485,'Short'),
(486,'Drama'),
(486,'Music'),
(486,'Romance'),
(487,'Comedy'),
(488,'Short'),
(489,'Documentary'),
(491,'Drama'),
(495,'Drama'),
(495,'Family'),
(496,'Drama'),
(496,'Family'),
(498,'Documentary'),
(498,'Short'),
(499,'Horror'),
(499,'Short'),
(500,'Short'),
(501,'Short'),
(506,'Action'),
(507,'Comedy'),
(508,'Short'),
(509,'Thriller'),
(510,'Action'),
(510,'Adventure'),
(510,'Animation'),
(510,'Sci-Fi'),
(511,'Animation'),
(511,'Drama'),
(511,'Mystery'),
(511,'Short'),
(512,'Animation'),
(512,'Drama'),
(512,'Mystery'),
(512,'Short'),
(513,'Animation'),
(513,'Drama'),
(513,'Mystery'),
(513,'Short'),
(514,'Animation'),
(514,'Drama'),
(514,'Mystery'),
(514,'Short'),
(515,'Action'),
(515,'Adventure'),
(515,'Animation'),
(515,'Fantasy'),
(516,'Action'),
(516,'Adventure'),
(516,'Animation'),
(516,'Sci-Fi'),
(517,'Action'),
(517,'Adventure'),
(517,'Animation'),
(517,'Sci-Fi'),
(518,'Comedy'),
(519,'Action'),
(519,'Crime'),
(520,'Short'),
(523,'Short'),
(524,'Comedy'),
(526,'Short'),
(527,'Action'),
(527,'Comedy'),
(528,'Comedy'),
(529,'Comedy'),
(529,'Musical'),
(530,'Action'),
(530,'Adventure'),
(530,'Animation'),
(531,'Action'),
(531,'Adventure'),
(531,'Animation'),
(532,'Comedy'),
(532,'Short'),
(533,'Comedy'),
(534,'Animation'),
(534,'Musical'),
(535,'Adult'),
(537,'Comedy'),
(537,'Short'),
(538,'Short'),
(539,'Drama'),
(540,'Action'),
(540,'Fantasy'),
(541,'Documentary'),
(542,'Documentary'),
(543,'Drama'),
(543,'Short'),
(544,'Drama'),
(544,'Romance'),
(545,'Drama'),
(546,'Comedy'),
(546,'Musical'),
(548,'Drama'),
(548,'War'),
(549,'Drama'),
(549,'War'),
(550,'Drama'),
(550,'War'),
(551,'Crime'),
(551,'Drama'),
(552,'Mystery'),
(552,'Thriller'),
(553,'Documentary'),
(555,'Comedy'),
(556,'Comedy'),
(557,'Drama'),
(558,'Drama'),
(559,'Short'),
(562,'Comedy'),
(562,'Short'),
(563,'Documentary'),
(564,'Drama'),
(565,'Mystery'),
(565,'Short'),
(566,'Short'),
(567,'Documentary'),
(568,'Documentary'),
(569,'Documentary'),
(571,'Drama'),
(576,'Short'),
(578,'Short'),
(579,'Animation'),
(579,'Family'),
(579,'Short'),
(580,'Comedy'),
(584,'Documentary'),
(584,'Short'),
(585,'Comedy'),
(585,'Documentary'),
(586,'Short'),
(587,'Short'),
(588,'Crime'),
(588,'Drama'),
(589,'Comedy'),
(589,'Family'),
(589,'Mystery'),
(589,'Short'),
(591,'Drama'),
(591,'Musical'),
(594,'Thriller'),
(595,'Action'),
(595,'Thriller'),
(597,'Sci-Fi'),
(598,'Drama'),
(598,'Short'),
(599,'Documentary'),
(599,'Short'),
(600,'Documentary'),
(600,'Short'),
(601,'Short'),
(602,'Short'),
(603,'Documentary'),
(603,'Music'),
(605,'Short'),
(606,'Comedy'),
(606,'Romance'),
(607,'Animation'),
(607,'Short'),
(609,'Short'),
(610,'Drama'),
(611,'Documentary'),
(611,'Short'),
(612,'Drama'),
(612,'Short'),
(613,'Documentary'),
(614,'Documentary'),
(616,'Documentary'),
(617,'Drama'),
(618,'Comedy'),
(619,'Documentary'),
(620,'Short'),
(621,'Adult'),
(626,'Documentary'),
(626,'Short'),
(627,'Thriller'),
(628,'Short'),
(629,'Documentary'),
(629,'Short'),
(630,'Comedy'),
(630,'Family'),
(630,'Romance'),
(630,'Short'),
(631,'Short'),
(632,'Drama'),
(632,'Short'),
(633,'Documentary'),
(633,'Short'),
(634,'Documentary'),
(635,'Short'),
(637,'Short'),
(639,'Crime'),
(639,'Drama'),
(639,'Thriller'),
(641,'Short'),
(641,'Thriller'),
(642,'Documentary'),
(643,'Documentary'),
(644,'Comedy'),
(644,'Romance'),
(645,'Action'),
(645,'Thriller'),
(646,'Action'),
(646,'Drama'),
(647,'Documentary'),
(647,'Short'),
(648,'Documentary'),
(650,'Documentary'),
(651,'Documentary'),
(651,'Music'),
(653,'Drama'),
(656,'Drama'),
(657,'Documentary'),
(658,'Comedy'),
(658,'Short'),
(660,'Documentary'),
(660,'Short'),
(663,'Documentary'),
(665,'Comedy'),
(665,'Drama'),
(665,'Short'),
(666,'Action'),
(666,'Animation'),
(669,'Mystery'),
(670,'Short'),
(671,'Short'),
(672,'Comedy'),
(673,'Action'),
(674,'Documentary'),
(674,'Short'),
(675,'Horror'),
(675,'Romance'),
(675,'Thriller'),
(676,'Drama'),
(680,'Documentary'),
(681,'Comedy'),
(682,'Comedy'),
(684,'Comedy'),
(686,'Documentary'),
(686,'Family'),
(687,'Documentary'),
(687,'Music'),
(693,'Documentary'),
(693,'Music'),
(694,'Documentary'),
(694,'Music'),
(696,'Documentary'),
(697,'Animation'),
(697,'Short'),
(698,'Comedy'),
(698,'Short'),
(699,'Documentary'),
(700,'Crime'),
(700,'Drama'),
(701,'Action'),
(702,'Action'),
(703,'Documentary'),
(704,'Comedy'),
(705,'Short'),
(706,'Drama'),
(706,'Short'),
(707,'Comedy'),
(708,'Documentary'),
(709,'Drama'),
(710,'Documentary'),
(711,'Animation'),
(711,'Comedy'),
(711,'Family'),
(711,'Short'),
(712,'Documentary'),
(713,'Comedy'),
(714,'Drama'),
(715,'Western'),
(716,'Documentary'),
(716,'Music'),
(717,'Musical'),
(718,'Drama'),
(718,'Short'),
(719,'Comedy'),
(720,'Documentary'),
(723,'Comedy'),
(724,'Documentary'),
(724,'Horror'),
(725,'Documentary'),
(725,'Horror'),
(726,'Documentary'),
(726,'Fantasy'),
(726,'Horror'),
(726,'Sci-Fi'),
(727,'Documentary'),
(727,'Horror'),
(728,'Documentary'),
(728,'Horror'),
(728,'Sci-Fi'),
(729,'Documentary'),
(729,'Horror'),
(729,'Sci-Fi'),
(730,'Documentary'),
(730,'Horror'),
(731,'Documentary'),
(731,'Horror'),
(732,'Documentary'),
(732,'Horror'),
(732,'Sci-Fi'),
(733,'Documentary'),
(733,'Horror'),
(734,'Documentary'),
(734,'Horror'),
(734,'Sci-Fi'),
(735,'Documentary'),
(735,'Horror'),
(735,'Sci-Fi'),
(736,'Documentary'),
(736,'Horror'),
(736,'Sci-Fi'),
(737,'Documentary'),
(737,'Fantasy'),
(737,'Horror'),
(739,'Documentary'),
(740,'Documentary'),
(742,'Documentary'),
(743,'Adult'),
(745,'Adult'),
(746,'Adult'),
(749,'Comedy'),
(750,'Drama'),
(754,'Adult'),
(755,'Adult'),
(759,'Adult'),
(760,'Adult'),
(763,'Adult'),
(764,'Adult'),
(765,'Adult'),
(766,'Adult'),
(767,'Adult'),
(768,'Adult'),
(770,'Adult'),
(780,'Comedy'),
(780,'Short'),
(781,'Adult'),
(783,'Documentary'),
(783,'Music'),
(784,'Adult'),
(785,'Adult'),
(786,'Adult'),
(789,'Short'),
(790,'Adult'),
(795,'Documentary'),
(795,'Music'),
(796,'Adult'),
(797,'Action'),
(798,'Comedy'),
(798,'Short'),
(801,'Comedy'),
(804,'Drama'),
(804,'Short'),
(807,'Drama'),
(807,'Musical'),
(808,'Drama'),
(809,'Drama'),
(810,'Short'),
(811,'Short'),
(812,'Short'),
(813,'Romance'),
(814,'Short'),
(817,'Comedy'),
(818,'Animation'),
(818,'Short'),
(820,'Drama'),
(821,'Documentary'),
(822,'Drama'),
(823,'Comedy'),
(825,'Comedy'),
(826,'Drama'),
(827,'Family'),
(829,'Short'),
(831,'Animation'),
(831,'Fantasy'),
(834,'Documentary'),
(834,'Short'),
(835,'Documentary'),
(837,'Short'),
(838,'Comedy'),
(840,'Short'),
(841,'Documentary'),
(842,'Comedy'),
(842,'Romance'),
(843,'Music'),
(845,'Documentary'),
(845,'Music'),
(846,'Documentary'),
(847,'Adventure'),
(847,'Comedy'),
(847,'Family'),
(849,'Animation'),
(849,'Comedy'),
(849,'Family'),
(850,'Short'),
(852,'Adventure'),
(852,'Animation'),
(852,'Thriller'),
(866,'Documentary'),
(868,'Documentary'),
(869,'Documentary'),
(870,'Comedy'),
(872,'Adult'),
(874,'Comedy'),
(875,'Drama'),
(876,'Comedy'),
(876,'Romance'),
(877,'Documentary'),
(878,'Short'),
(879,'Drama'),
(879,'Fantasy'),
(880,'Comedy'),
(880,'Family'),
(881,'Action'),
(881,'Adventure'),
(881,'Comedy'),
(881,'Family'),
(883,'Documentary'),
(883,'Short'),
(885,'Documentary'),
(885,'Short'),
(886,'Thriller'),
(888,'Documentary'),
(888,'Short'),
(889,'Comedy'),
(889,'Musical'),
(892,'Action'),
(892,'Comedy'),
(893,'Short'),
(895,'Crime'),
(895,'Drama'),
(895,'Short'),
(896,'Drama'),
(897,'Short'),
(898,'Documentary'),
(899,'Crime'),
(899,'Drama'),
(901,'Documentary'),
(901,'Short'),
(902,'Documentary'),
(903,'Short'),
(905,'Short'),
(906,'Adult'),
(907,'Comedy'),
(908,'Short'),
(909,'Documentary'),
(910,'Comedy'),
(910,'Crime'),
(911,'Comedy')


/*
CREATE AND INSERT VALUES INTO ROLES TABLE                           
*/


USE [imdb]
GO


CREATE TABLE [dbo].[roles]
(
	[actor_id] [int] NOT NULL,
	[movie_id] [int] NOT NULL,
	[role] [varchar](100) NOT NULL,
 )
 
 INSERT INTO roles VALUES
 (2,280088,'Stevie'),
 (2,396232,'Variouslyricist'),
 (3,376687,'Gitano 1'),
 (4,336265,'El Cigala'),
 (5,135644,'Himself'),
 (6,12083,''),
 (7,252053,''),
 (7,402635,''),
 (7,409592,'Staff Humorist (1996)'),
 (8,101866,''),
 (9,336265,'Amigo Cigala #2'),
 (10,12148,'Segundo Cuadro Flamenco Tang'),
 (11,80189,'Chavo Banda Galerias'),
 (12,12148,'Tercer Cuadro Flamenco Solea'),
 (13,80189,'Froilán plaza del estudiante'),
 (14,70079,''),
 (15,12148,'Cuarto Cuadro Flamenco Taran'),
 (16,242675,'Agente #1'),
 (17,105231,'Grandfather'),
 (17,242453,'Himself'),
 (18,31949,'Himself (DJ, New York)'),
 (18,79902,'HimselfDisc Jockey'),
 (18,154709,'Himself'),
 (18,329618,'Big John'),
 (18,381501,'Himself'),
 (19,354847,'Montaña'),
 (20,51707,''),
 (20,274679,'Real LAPD Officer'),
 (20,354841,'Victoriano'),
 (21,104008,''),
 (22,91254,'Dirk Jan'),
 (22,373534,''),
 (23,400294,'Oudste zoon(1993)'),
 (24,218857,'Officier van Justitie'),
 (25,313951,'Eli'),
 (26,342688,'Himself'),
 (27,251960,''),
 (28,846,'Themselves'),
 (28,1465,'Themselves'),
 (28,1681,'Themselves'),
 (28,1975,'Themselves'),
 (28,2009,'Themselves - Performers'),
 (28,48489,'Themselves'),
 (28,182945,'Themselves - PerformersI W'),
 (28,221461,'Performers'),
 (28,221481,'Themselves - Performers'),
 (28,221482,'Themselves'),
 (28,303749,'Himself'),
 (28,319355,'Themselves'),
 (28,326663,'Presenter'),
 (28,358823,''),
 (29,364376,'Shorty'),
 (29,380996,''),
 (29,388200,''),
 (29,411721,''),
 (30,195632,''),
 (32,36712,'Angel'),
 (32,372419,'Marcus'),
 (32,375827,'Funky Loft Guest'),
 (33,192542,'Reporter'),
 (34,37215,'Sugar Bear'),
 (34,170144,'Himself'),
 (34,318835,'Himself'),
 (34,360328,'Himself'),
 (34,402907,'Himself (1997)'),
 (34,406933,'Himself (1998-1999)'),
 (34,410688,'Himself (1999-2000)'),
 (34,410689,'Himself (1998-1999)'),
 (34,410690,'Himself (1998-1999)'),
 (34,410691,'Himself (1998-1999)'),
 (35,2252,'(segment \"Id\")'),
 (35,171288,'Himself'),
 (35,332015,'Themselves'),
 (36,202196,'Himself (Nation of Islam)'),
 (36,332097,'Himself'),
 (36,334069,'Themselves - Performers'),
 (36,388059,''),
 (37,11666,'Themselves'),
 (38,1487,'Himself'),
 (38,2258,'Himself'),
 (38,2331,'Himself'),
 (38,2581,'Performer and winner of Hey '),
 (38,2626,'Himself'),
 (38,31573,''),
 (38,47174,'Performer'),
 (38,147745,'Silk Brown'),
 (38,221434,'Himself (Outkast)'),
 (38,221437,'Performers'),
 (38,221481,'Himself - Presenter'),
 (38,221483,'Himself'),
 (38,231536,'Himself'),
 (38,310533,''),
 (38,342235,'Himself'),
 (38,347871,'Valentine'),
 (38,362060,'Kim Kyeong-su (MTV English Du'),
 (40,41469,'Jah'),
 (40,102366,''),
 (40,148874,'Themselves'),
 (40,151109,'The Band'),
 (41,31906,'Himself'),
 (41,128684,'Himself'),
 (41,147920,'Themselves'),
 (41,341805,'Himself'),
 (41,366243,''),
 (42,175703,''),
 (43,1737,'Himself - Performer'),
 (43,1743,'Himself'),
 (43,2394,'Himself'),
 (43,2581,'Himself'),
 (43,32596,'Himself'),
 (43,32597,'Himself'),
 (43,47174,'PerformerHimself'),
 (43,120665,'Himself'),
 (43,221413,'Himself'),
 (43,221415,'Performer'),
 (43,221424,'Himself'),
 (43,221426,'Himself'),
 (43,221483,'HimselfPerformer'),
 (43,257203,'Fred Payne'),
 (44,155542,'Himself'),
 (44,188231,'Himself'),
 (44,202194,'Himself'),
 (45,125478,''),
 (46,321275,''),
 (47,1975,'Themselves'),
 (47,2009,'Themselves - Presenters'),
 (47,48489,'Themselves'),
 (47,104646,'Performers'),
 (47,107618,'Himself'),
 (47,182945,'Themselves - Performers The'),
 (47,267252,'Themselves'),
 (47,348351,'Himself'),
 (47,358823,''),
 (48,399924,'Andelko Fiolic'),
 (49,81509,'Himself'),
 (50,359878,'Karate Contestant'),
 (51,304743,'Undetermined Role'),
 (52,209100,'Rashid'),
 (53,163971,'Himself'),
 (55,129829,'Himself'),
 (55,138307,'Himself'),
 (55,141875,'Li Xiao'),
 (55,212624,'Tennis Trainer'),
 (56,250721,'Celtic Warrior'),
 (57,251538,''),
 (58,350570,'Ghantayya'),
 (59,252016,'RaviKumar'),
 (60,1487,'Himself'),
 (60,2040,'Himself'),
 (60,2394,'Himself'),
 (60,235417,''),
 (60,305024,'Himself'),
 (60,350570,'Pleader'),
 (60,364376,'Test Taker No. 3'),
 (60,378707,'Host'),
 (60,391621,'Himself'),
 (60,398179,'Himself - Yellow Team'),
 (61,287805,''),
 (62,246902,''),
 (63,18472,''),
 (63,43313,''),
 (63,200749,''),
 (63,216281,''),
 (63,239310,''),
 (64,64258,''),
 (64,210390,''),
 (64,403915,'Pak Lurah'),
 (65,318646,'Sathyam'),
 (66,312495,'Brahma'),
 (67,60552,''),
 (67,165993,''),
 (67,199261,''),
 (67,204096,''),
 (67,217194,''),
 (67,247128,'Kampanna Dora'),
 (67,251677,''),
 (67,288157,''),
 (67,312488,''),
 (67,312495,'Akasa Raju'),
 (67,350570,'Judge'),
 (67,354669,''),
 (68,6512,'Pønker'),
 (69,51297,'O.G. Hansen'),
 (69,166846,'En skomakerlærling'),
 (69,173149,''),
 (69,264300,'Espen Askeladd'),
 (69,312238,'Et spøkelse'),
 (70,10334,'Alexander Nyberg'),
 (70,94351,'Professoren'),
 (70,129166,'Ola Nordistua'),
 (70,166846,'Jeppe'),
 (70,219001,''),
 (70,315378,'Evensen, kirketjener'),
 (70,340251,'Piper, direktør'),
 (70,347003,'Krestoffer'),
 (70,349902,'Jensen Sr.'),
 (71,48130,'Høyland jr.'),
 (71,51863,''),
 (71,109137,'Fredrik Holm, doktor'),
 (71,144061,'Ole Grong, advokat'),
 (71,178434,'Doktor'),
 (71,178436,'Anton Schack'),
 (71,240313,'Gregor Ivanow'),
 (71,261141,'Per Haug, provisor'),
 (71,304976,'Himself'),
 (71,312238,''),
 (71,338729,'Alexander Hassler'),
 (71,345718,''),
 (72,225687,'Aske'),
 (73,37480,'Slick'),
 (74,61276,'Maj. Whitman'),
 (74,165223,'Human'),
 (74,263169,'Uncle Alfred'),
 (75,181077,''),
 (75,389600,'Daniel'),
 (76,322463,'Stian'),
 (77,123572,'Policeman at Chauri Chaura'),
 (77,240089,'Tekniker'),
 (78,240392,''),
 (78,298650,''),
 (79,232749,'Konsap'),
 (79,370596,''),
 (80,58684,'Mechanic'),
 (80,142231,'Ung mann hos teatersjefen'),
 (81,346995,''),
 (82,262148,'Himself - SingerMusician (gu'),
 (83,166604,'Himself'),
 (83,237304,'Harmonikaspiller'),
 (83,397074,'Jernbanearbejder (harmonika)'),
 (84,249472,''),
 (85,28884,'Dunke'),
 (86,153219,'Himself'),
 (86,212334,'Himself - ParticipantPerform'),
 (86,225683,'Svend'),
 (86,393474,'Jesus'),
 (86,393477,'HimselfJesus'),
 (87,354606,'Den nye oppasseren'),
 (88,323958,''),
 (89,32861,'Onkel Thorstein'),
 (90,15827,''),
 (90,173335,''),
 (90,242248,''),
 (90,267642,'Marten'),
 (91,143429,'Michael Elliott'),
 (91,277868,''),
 (91,311186,'Russel the Muscle'),
 (92,20034,'Teddy Hutchins'),
 (92,23316,'Tommy Addison'),
 (92,37555,'Joe'),
 (92,39988,'Little Boy'),
 (92,50974,'Student Leader'),
 (92,58641,'Rusty'),
 (92,83985,'Don Heldon'),
 (92,84250,'Eli Skinner'),
 (92,133949,'Boy'),
 (92,144861,'Boy'),
 (92,148840,'Johnny Small Warrior Lowe'),
 (92,166839,'Bobby Stilwin'),
 (92,191242,'Johnny Briscoe'),
 (92,216026,'Arthur'),
 (92,218650,'Chuck Taylor'),
 (92,218745,'Willy'),
 (92,224327,'Boy'),
 (92,233930,'Donovan'),
 (92,237598,'J. B. Dorset aka Red Chief (T)'),
 (92,271072,'Larrys Friend'),
 (92,277804,'Timmy Williams'),
 (92,308109,'Alternate Boy'),
 (92,323435,'Corney'),
 (92,379326,'Rusty'),
 (93,42686,'Himself (special award recipi'),
 (93,255707,'HimselfScript'),
 (93,291686,'Patient'),
 (94,2256,'Nabil'),
 (94,3182,'Rico'),
 (94,96424,'Jonas Teorén'),
 (94,163496,'Managers assistant'),
 (94,210286,'Carlos'),
 (94,281015,'El esposo'),
 (94,284138,'Tommy'),
 (95,138489,'Judge'),
 (96,196471,'Thug #3'),
 (97,256275,'Taxi Driver'),
 (98,223197,'Himself - Musician (guitarist'),
 (99,55126,'Vicar'),
 (99,297027,''),
 (100,248215,'Sami'),
 (101,197493,'Punakaartilainen 7'),
 (102,176704,'Tuba player'),
 (102,183967,''),
 (102,193554,'Vacationer'),
 (102,348727,'Harri'),
 (103,283478,'Nuori Vanki Joulunvietossa'),
 (106,392349,'Himself - the host (1995-1997'),
 (106,394962,'Himself - reporter (19??-199?'),
 (106,409748,'Himself - the host'),
 (107,177898,'Conductor'),
 (107,278875,'Musician'),
 (107,303708,''),
 (108,352612,''),
 (109,24289,'Man on lecture'),
 (111,176704,'Teacher'),
 (111,328684,'Various characters'),
 (112,9533,'Printer'),
 (112,153756,'Painter'),
 (112,170519,'Jussi Metelinen'),
 (112,196525,'Jaakko'),
 (112,233244,'Pehtoori (Manager of an estat'),
 (112,282146,''),
 (112,293820,'Sailor'),
 (112,307139,'Oskari'),
 (112,320384,'Lumberjack'),
 (112,321973,'Merchant'),
 (112,341543,'Kivinen'),
 (112,341793,'Juror'),
 (112,343466,'Janitor'),
 (112,350590,'Perälä'),
 (112,354259,'Virkkula'),
 (113,255762,''),
 (114,14278,''),
 (115,103155,'HD-kauppias'),
 (115,182216,'Himself'),
 (115,182538,'Member of \"The Creatures\" ban'),
 (115,273341,'Himself'),
 (115,324482,'Costume designer'),
 (115,397925,''),
 (116,38767,''),
 (116,100011,'Paakkila'),
 (116,141887,'Taksikuski'),
 (116,153095,'Sakari Urpela'),
 (116,165803,'Kauppias Vähä-Kääkkönen'),
 (116,168790,'Venäläinen #2'),
 (116,169542,''),
 (116,171584,'2. Poliisi'),
 (116,172294,'Kunnanlääkäri Rautonen'),
 (116,187568,'Gangsteri Nitti'),
 (116,237243,''),
 (116,278367,'Painter'),
 (116,283746,'Kosti Mäkinen'),
 (116,301430,'Sopimuspäällillö'),
 (116,341808,'Sexström'),
 (116,349140,'Myyjä Alkossa'),
 (116,349147,'Tarmon anopin yhtiön johtokun'),
 (116,349440,'Saarinen'),
 (116,354260,'Pentti Lehmusto'),
 (116,357785,'Ruotsin kenraali'),
 (116,401125,'Pentti Reunanen'),
 (116,402792,'Liikemies Hallvik'),
 (117,21384,'Juippi'),
 (117,176704,'Man spreading red carpet'),
 (118,176704,'Percussionist'),
 (119,9533,'Jäger'),
 (119,215112,'Boy'),
 (120,230125,'Target #1'),
 (121,317650,''),
 (122,31188,'Himself (ABC Team)'),
 (122,31191,'Himself (ABC Team)'),
 (122,61616,'Himself'),
 (122,64556,'Himselfperformer'),
 (122,64560,'Himself (performer--human can'),
 (122,98155,'Tommy Bradford'),
 (122,98156,'Tommy Bradford'),
 (122,98157,'Himself'),
 (122,108329,'Donny'),
 (122,118918,'William Frankenstein'),
 (122,159499,'Tommy Allo'),
 (122,224981,'Chema'),
 (122,248429,'David'),
 (122,283440,''),
 (122,289691,'Kenny Stevens'),
 (122,335126,'Tom Swift'),
 (122,348070,'Gum'),
 (122,373990,'Peyton Nichols'),
 (122,381654,'Benjamin Franklin (12 years o'),
 (122,381842,'Bibleman'),
 (122,383923,'Buddy Lembeck'),
 (122,387114,'Hank the Ranger'),
 (122,387309,'Robbie Hamlin (1983)'),
 (122,387374,'Tommy Bradford (1977-1981)'),
 (122,388362,'T.J. Latimer (1976-1977)'),
 (122,403335,'Young Wesley Jordache (1976)'),
 (122,407175,'Fred Robinson'),
 (122,410710,'Kenny Platt'),
 (123,239489,'Participant (Alpine skiing)'),
 (124,181082,'Anton Møller, lensmann'),
 (125,5218,'Kollege'),
 (125,160521,'Tom Engen'),
 (125,240113,''),
 (125,404785,'Kalle Moe'),
 (125,409930,'P.K. Sunde (2 episodes 1998)'),
 (126,147018,'Himself'),
 (127,118318,''),
 (127,131897,''),
 (127,369075,''),
 (128,12737,'Ed Cameron'),
 (128,27210,'Arthur Ferris'),
 (128,51746,'George'),
 (128,72464,'Edgar'),
 (128,72515,'Policeman'),
 (128,74215,'Sims'),
 (128,94856,'Senior detective'),
 (128,95499,'Mr. Brownless'),
 (128,134202,''),
 (128,144785,'Jack Turnbull'),
 (128,279413,'Mac'),
 (128,281800,'Drouin Citizen'),
 (128,291840,''),
 (128,364502,''),
 (128,380191,''),
 (128,381608,'Jim Bacon'),
 (128,382312,'Insp. Arthur Ferris'),
 (128,383658,''),
 (128,396892,''),
 (128,402012,'Jimmy Summers'),
 (128,405960,'Ron Jackson'),
 (128,411366,'Prosecuting Sergeant (Episode'),
 (129,356843,'Bygdas lensmann'),
 (130,255762,'Voice of God'),
 (130,301430,'Vekkilän lapsi#1'),
 (131,33190,'Presidential Aide'),
 (132,250861,'Willy'),
 (133,239588,'Street kid'),
 (133,304538,''),
 (134,84713,'Dharmanna'),
 (134,184018,''),
 (134,271762,'Thanisha'),
 (134,272705,''),
 (135,137187,'Bruno'),
 (136,149730,'Clyde'),
 (136,157036,'Wiley'),
 (136,270697,'Rollerskating penguin'),
 (137,232749,'Kohlapuu'),
 (138,115688,'Vriend van Johnny'),
 (139,74048,'Children of Castor Fan'),
 (140,59880,'Father'),
 (141,322316,''),
 (142,134256,'Bondedreng'),
 (143,202322,'Slim'),
 (144,303533,'Flic USA 1'),
 (144,313562,''),
 (144,328263,'Biotechie'),
 (145,170921,''),
 (146,24430,'Voice on Dr. Evils telephone'),
 (146,93756,'Street crew'),
 (146,107265,'Brun Coach'),
 (146,121578,'Himself'),
 (146,145050,'Kirk'),
 (146,408643,'Himself (2002)'),
 (147,314501,'Soda Delivery Man'),
 (148,299443,'Himself'),
 (149,37012,'Cabbie'),
 (149,256188,'Tourist Dad'),
 (149,270971,'Prison guard #1'),
 (149,313141,'Bakery Foreman'),
 (150,185764,'Michael'),
 (151,45652,'Hank Bartlowski at 13'),
 (151,370648,'Bernard Stoltz'),
 (152,88653,'DancerSailor'),
 (153,330550,'Helicopter Pilot'),
 (154,176496,'Waiter'),
 (155,70217,'Himself'),
 (156,62778,'Dancer'),
 (157,285322,'Rodney'),
 (158,138402,'Himself'),
 (158,158900,'Himself'),
 (158,167615,'Himself (MLB, Hall of Famer)'),
 (158,253851,'Witness for the defense'),
 (158,318692,'Hank Aaron'),
 (158,362865,'Himself'),
 (158,362866,'Himself'),
 (158,381356,'Himself'),
 (158,403155,'Himself'),
 (159,109570,'Frank'),
 (159,169433,''),
 (159,199467,''),
 (159,219526,'Steward'),
 (159,311632,'Carstairs'),
 (160,327840,'Henry (Slater Mill Boys)'),
 (161,123371,'Renfro'),
 (161,336914,'Allen Davis'),
 (162,153651,'Fiance'),
 (162,343201,'Best Man'),
 (162,380256,'Park Patron'),
 (163,72709,'Finnegan Jones'),
 (164,18982,'Himself'),
 (164,194918,'Himself'),
 (164,383803,'Himself (segment \"First Step\"'),
 (165,135509,'Dilip'),
 (166,254762,'Lab Director'),
 (167,90342,'Deputy Jebb McQuarrie'),
 (167,159764,''),
 (167,187685,''),
 (167,201821,'Himself'),
 (167,336764,'Simon Yates'),
 (167,347708,'McNab'),
 (167,381211,'Pvt. Robert Popeye Wynn'),
 (167,388791,'Sion'),
 (168,325587,'Regisseur'),
 (169,365960,'Rabbi'),
 (171,156785,'Tom Packard'),
 (172,75717,'Man in bar'),
 (172,93958,'Doorman'),
 (172,202657,'Mr. Mandel'),
 (172,302130,'Old Man #1'),
 (173,60253,'Young Morris Applebaum'),
 (173,185780,'Dr. EisenJanitor Murry Saltz'),
 (173,350191,'Young Bob'),
 (174,1300,'Quincy Tarantula'),
 (175,87879,'David Silwell'),
 (175,287509,'Harris'),
 (176,166639,'Matthew Carew'),
 (176,193202,'Terry'),
 (177,49347,'Hispanic Man'),
 (177,72697,'Touch'),
 (177,126282,'Ulzana'),
 (177,253335,'John Sleepwater'),
 (177,301635,''),
 (177,318977,'Webster Skyhorse'),
 (177,385895,'Gomez'),
 (178,88933,'Himself'),
 (179,692,'Himself'),
 (179,2498,'Himself'),
 (179,57665,'Himself - Contributor'),
 (179,364588,'Himself'),
 (179,400150,'Himself'),
 (180,263791,'Tony'),
 (180,385020,'Jon Lindsay (1997-1998)'),
 (180,403047,'Cab Driver'),
 (181,107069,'Panhandler'),
 (182,6865,'Janitor #1'),
 (182,97581,'Fred Ott'),
 (182,105707,''),
 (182,157595,'Smitty'),
 (182,176480,'Priest'),
 (182,222756,'Diamond Merchant #2'),
 (182,249163,'Policeman - V.A. Hospital'),
 (182,254923,'Bastianelli'),
 (182,293155,'Vagrant'),
 (182,349022,'Man on street #1'),
 (184,11525,'Financial Editor'),
 (185,346368,'Boy'),
 (186,115869,'Security Guard'),
 (186,326620,'Waiter in Trouble'),
 (187,215941,''),
 (187,217601,'Ismailoff'),
 (187,372972,'Lisma'),
 (188,206671,'Malvern Cop'),
 (188,318457,''),
 (189,116986,'Trekkspiller'),
 (190,399508,'Drengen'),
 (191,389138,'Kontorist hos Løvdahl'),
 (192,142491,'Kid'),
 (193,359894,''),
 (194,298650,'Himself'),
 (195,180443,'Tukkilainen'),
 (196,254768,'Persfotograaf'),
 (197,387323,'Redactielid (1995-1996)'),
 (198,356555,'Voorbijganger'),
 (199,326954,''),
 (199,393734,'Narrator'),
 (200,9239,''),
 (201,405931,'Movie reviewer'),
 (202,2063,'Sjefen'),
 (202,11787,'Thorsen, Mettes venn'),
 (202,29890,'Philip Noel-Baker'),
 (202,42556,'Direktøren'),
 (202,105827,''),
 (202,145474,'Orheim, psykolog'),
 (202,173252,'Arne, arbeidskam.'),
 (202,178429,''),
 (202,181161,'Redaktør'),
 (202,190818,'Engineer Borgheim'),
 (202,198057,''),
 (202,214353,'Leonid'),
 (202,223204,'Ludvig, dikter'),
 (202,240109,'Larsen, sjåførlærer'),
 (202,240117,'Brock-Larsen, finansmann'),
 (202,242692,''),
 (202,244068,'Finansminister'),
 (202,248190,'Wollert, profeten'),
 (202,271687,'Ingeniøren'),
 (202,304238,'Robert Westerlie'),
 (202,305858,'Hugo'),
 (202,334277,'Overstyrmann'),
 (202,345990,'Legen'),
 (202,349776,'Arild, soldat'),
 (202,387196,'Kristoffer'),
 (202,398251,'Kommissarien'),
 (202,405575,'Hans Nilsen Fennefos'),
 (203,278510,''),
 (204,39111,''),
 (204,172843,'Ellingsen'),
 (205,399510,'Peter Lycke'),
 (206,1807,'Bårebærer'),
 (207,219879,''),
 (208,398497,'Participant (2001)'),
 (209,137745,'Cowboy Son'),
 (210,378936,'Participant (2001)'),
 (211,287550,'Brennevinshandleren'),
 (212,316635,'Hitman #1'),
 (213,34028,'Giant'),
 (213,59599,'Giant Man'),
 (213,134717,'Circus giant'),
 (213,139547,'Giant in Why Worry'),
 (213,187483,'Shorty'),
 (213,193913,''),
 (213,300023,'Very tall golfer'),
 (213,314930,'Giant'),
 (213,342843,'The Giant'),
 (213,364691,'Colosso'),
 (214,262129,'Paramedic'),
 (214,288387,'MiCI 1'),
 (215,51639,'Sir Chug-a-Lot'),
 (216,181314,'Photographer'),
 (217,403537,'Participant, among the 4 bes'),
 (218,321466,'Striker'),
 (219,94273,'Arne'),
 (219,399855,'Programleder (2001)(host)'),
 (219,406512,'Programlder (host)'),
 (220,383583,'Programleder'),
 (221,91471,''),
 (221,165407,''),
 (222,175562,'Shoe Merchant'),
 (222,271754,'Vickisonu'),
 (223,40493,'The Piano Guy'),
 (223,119879,'Stoned Man #1'),
 (223,142809,'Ginger Baker'),
 (223,176499,'The Zendic Kid'),
 (223,272661,'Jon Fontana'),
 (223,276240,'Featured Graveyard Undead #1'),
 (223,304243,'Sullivan'),
 (223,343055,'Young Man'),
 (223,348608,'P.A. Kevin'),
 (223,406908,'Billy'),
 (224,220198,'Himself - Sailor'),
 (225,181799,'Himself'),
 (226,28990,''),
 (226,153643,'Sergei'),
 (226,205672,'Ludwig'),
 (226,214792,'German general'),
 (226,268007,''),
 (226,319967,'Taanlane'),
 (226,341609,'Finnish policeman'),
 (226,400449,''),
 (227,95826,'Unski'),
 (227,145131,'Oskarsson'),
 (227,174209,'Aarne Mustonen'),
 (227,174478,''),
 (227,177897,'Prisoner of war'),
 (227,179621,'Grisu'),
 (227,213379,'Restaurant owner'),
 (227,214835,'Erik Juhana Stenvall'),
 (227,240329,''),
 (227,255935,'Kalle Aukustinpoika'),
 (227,293820,'Harri'),
 (227,349947,'Romsu'),
 (228,126115,''),
 (228,129755,''),
 (228,171628,''),
 (228,226586,''),
 (228,308266,'Gottfried'),
 (229,256622,'Pirate'),
 (230,343459,''),
 (231,104729,'Himself'),
 (231,104777,'Turkish entry (16th place)'),
 (232,73538,'child'),
 (233,28092,'Doctor'),
 (235,83037,'Postière 1'),
 (236,328674,''),
 (237,376777,''),
 (238,53574,''),
 (239,104769,'Himself - Spanish Entry (18th'),
 (239,400341,'Himself - Productor discográf'),
 (240,405412,'Federico'),
 (241,210590,''),
 (242,222512,'Interrogateur'),
 (243,353637,''),
 (244,266479,''),
 (245,124115,'Police Officer'),
 (246,309007,'Himself'),
 (247,395861,''),
 (247,401438,''),
 (248,355808,'Le petit garçon du cortège'),
 (249,236458,'Vidal Gandolfo'),
 (249,399505,'Domènec Tubau'),
 (250,233917,'Luis'),
 (251,86730,''),
 (251,161827,''),
 (251,282118,'Kane'),
 (251,288142,''),
 (252,157459,'Himself'),
 (252,353864,'Un punk'),
 (253,291612,'Nazi 2'),
 (254,96349,'Vagabundo'),
 (255,51703,'Kamutri'),
 (255,66608,'Guide'),
 (255,121301,''),
 (255,159227,'Tribesman'),
 (255,179763,'Hector'),
 (255,187444,''),
 (256,20649,''),
 (257,159201,'Cory Franklin'),
 (257,161840,'Pete'),
 (257,224487,'HimselfDancer'),
 (257,237798,'Jerry'),
 (258,46938,''),
 (258,328130,'Himself'),
 (258,347369,'Radio Announcer'),
 (259,133834,'Sheriff'),
 (259,362224,''),
 (260,296206,'Weight-lifter'),
 (261,8602,''),
 (262,205760,'Peter'),
 (263,276309,'Un contremaître'),
 (264,220478,'Stéphane'),
 (265,346892,'Passerby'),
 (266,179745,''),
 (267,56174,'Chu Ling'),
 (268,70648,''),
 (268,294710,''),
 (269,293857,''),
 (269,300508,''),
 (270,129649,''),
 (270,288358,''),
 (270,317293,'Georgi'),
 (271,230043,''),
 (272,132139,'Man in Crowd #7'),
 (273,213396,''),
 (274,127674,'NewsmanWaiter'),
 (274,217931,''),
 (274,253105,'Desk Clerk'),
 (274,281608,''),
 (274,317711,'Armando'),
 (274,358768,'Artist'),
 (275,77,'Himself'),
 (275,56871,'French Policeman'),
 (276,107909,'Tow Truck driver'),
 (276,271003,'Evelyns Driver'),
 (277,367822,'Photographer'),
 (278,62459,''),
 (279,126933,''),
 (280,24671,''),
 (280,238463,'Ali'),
 (282,13492,''),
 (283,352301,''),
 (284,18632,''),
 (284,59365,''),
 (284,211464,''),
 (284,253091,''),
 (284,253563,''),
 (284,255498,'Frenchman'),
 (284,263406,''),
 (284,303789,'Japanese Ambassador'),
 (284,313726,''),
 (284,316432,''),
 (284,324336,''),
 (284,357340,''),
 (284,370132,''),
 (284,387149,''),
 (284,397683,''),
 (284,400448,''),
 (285,132221,'Dead Pile'),
 (286,171107,''),
 (287,153239,'Yesayi'),
 (287,184209,'Gago'),
 (288,50971,'Garçon casting 1'),
 (289,263678,''),
 (289,349217,''),
 (290,7375,'Master Abu Laboke'),
 (290,131537,'Vietnamese Student'),
 (291,264985,''),
 (292,63574,''),
 (293,60142,'Raptor'),
 (294,41164,'Gary Rembrandt'),
 (295,92663,''),
 (295,378958,'Federico Ramos'),
 (295,391440,''),
 (295,402630,'Fede'),
 (295,402721,''),
 (295,405918,''),
 (296,313049,'Ganas kid'),
 (297,30964,'BatmanBruce Wayne'),
 (297,74493,''),
 (297,80788,''),
 (297,149651,''),
 (297,154589,''),
 (297,176853,''),
 (297,183832,''),
 (297,269958,'Omar'),
 (297,325313,''),
 (297,358504,''),
 (298,62356,''),
 (298,236065,''),
 (298,295498,''),
 (298,317241,''),
 (298,378720,''),
 (299,84498,''),
 (300,243712,'Ramons Friend'),
 (301,70833,''),
 (302,221708,''),
 (303,334683,'Luisito'),
 (305,269841,'Larc en Ciel Band'),
 (306,21307,'Himself'),
 (306,225804,'Himself(Tightrope Walker)'),
 (307,286291,''),
 (308,339855,'Kapitein'),
 (309,129812,'Johnny'),
 (310,118924,'Stonemason'),
 (310,178477,'Angelikas husband'),
 (310,181360,''),
 (310,220144,'Player'),
 (310,237701,''),
 (310,261670,'Sosnowski'),
 (310,328798,'Jan Otis'),
 (310,375474,''),
 (311,111035,''),
 (311,236164,''),
 (311,382219,'Maurice'),
 (312,100707,''),
 (313,397009,'Papá Evelyn'),
 (314,202599,''),
 (315,86279,'Director (WZDC)'),
 (315,262647,'Cop'),
 (316,43661,''),
 (316,96354,'Carlos Belascoaran'),
 (316,287886,''),
 (316,380445,'Mariano Jiménez'),
 (316,381650,'Fabricio'),
 (316,391572,'Francisco'),
 (316,396211,'Renato'),
 (316,398794,'Gerardo'),
 (316,402219,'José María Chema Ramos Lópe'),
 (316,405955,''),
 (317,131944,''),
 (317,374461,''),
 (318,23853,'(segment \"Pesnya, ili Kak vel'),
 (318,79255,'Arkipo Sethuri'),
 (318,228540,'Gaulatsune'),
 (319,13492,''),
 (319,19501,'Prince Vahvari'),
 (319,19502,'Mikho'),
 (319,19602,'Shavlegi'),
 (319,21868,''),
 (319,30623,'Abdoushahili'),
 (319,50062,'Gedeoni'),
 (319,61086,'Bochi'),
 (319,62859,'Bichino'),
 (319,86240,'Sosana'),
 (319,86252,'Mamamze Eristavi'),
 (319,127929,'Rezo'),
 (319,176019,'Aluda'),
 (319,179694,''),
 (319,182253,'Kvarkavre Tutaberi'),
 (319,200053,''),
 (319,202256,''),
 (319,208006,'Margaya'),
 (319,209090,'Ushangi'),
 (319,212305,''),
 (319,216550,'Head of Agrocultural Company'),
 (319,221406,''),
 (319,243494,'Gogi'),
 (319,253795,''),
 (319,255536,'Head of Police'),
 (319,256682,''),
 (319,256696,'Jasoni'),
 (319,259042,''),
 (319,268574,''),
 (319,270410,''),
 (319,282242,'Niko'),
 (319,302430,'Aleqsandre'),
 (319,328945,'Driver'),
 (319,341221,'Aslani'),
 (319,341233,'Nestor'),
 (319,344094,'Dodo'),
 (319,352283,'Head of Police'),
 (319,374669,'Film Director'),
 (319,374670,'Gocha'),
 (320,4826,'Piliceman'),
 (320,62856,'Tedo'),
 (320,63592,'Vaja'),
 (320,129217,'Gabro'),
 (320,162720,'Dato'),
 (320,208610,''),
 (320,285089,'Elgudja'),
 (320,341240,'Badri'),
 (321,9394,'Nikusha Chachanidze'),
 (321,16548,''),
 (321,19507,''),
 (321,46198,''),
 (321,132193,''),
 (321,243719,''),
 (321,253795,''),
 (321,271847,''),
 (321,287960,''),
 (322,288639,''),
 (323,20878,''),
 (323,175955,'Grandpa'),
 (323,268815,''),
 (324,138937,''),
 (325,269140,''),
 (326,93223,'Aquarium Security Guard'),
 (326,126663,'Vendor'),
 (326,138669,'Mafia Guy Applicant'),
 (326,171227,'Lederhosen'),
 (326,340765,'Guard'),
 (327,233316,''),
 (327,301291,''),
 (327,313888,''),
 (327,341216,''),
 (327,378291,''),
 (328,357697,''),
 (329,18088,''),
 (330,82743,'Street Kid'),
 (331,14564,'Sandro'),
 (331,20751,'Damiano Fortezza'),
 (331,20794,'Felice'),
 (331,20795,''),
 (331,23571,'AldaricoAttila'),
 (331,29774,'Matteo'),
 (331,52871,'Dario'),
 (331,52880,'Tangaro'),
 (331,53016,'Camillo'),
 (331,69141,'Umberto'),
 (331,97164,'DonatoTirzanFranco'),
 (331,108875,'Fornaio'),
 (331,111891,'Felice'),
 (331,111906,'Capo delle Belve'),
 (331,112643,'Tommaso'),
 (331,132807,'Mago di Segrate'),
 (331,162053,'Sergio'),
 (331,189290,'Lucio'),
 (331,205488,'Alberto Brogini'),
 (331,206320,'Ponchia'),
 (331,207947,'Paolo'),
 (331,209489,'Nicola Lorusso'),
 (331,212094,'Paolo Torregiani'),
 (331,217116,''),
 (331,217609,'Voice'),
 (331,229601,'Fulvio Colombo'),
 (331,233188,'Solo'),
 (331,247967,'Padre Gabriele'),
 (331,248056,'Il King'),
 (331,252641,'Joseph'),
 (331,263240,'L esattore della luce'),
 (331,266897,'Mario Tozzi'),
 (331,270883,'Nicola'),
 (331,272453,'Domingo Ras'),
 (331,274785,'Franco Mattioli'),
 (331,279243,'Franco Mattioli'),
 (331,281108,'Il Secco'),
 (331,289211,'Il tifoso'),
 (331,289330,'Ducho'),
 (331,291556,'Piero'),
 (331,315939,'Dario'),
 (331,324460,'Diego'),
 (331,328891,'Angelo Beliossi'),
 (331,332747,'Zebrone'),
 (331,336197,'Franco'),
 (331,338003,''),
 (331,342038,'Dario'),
 (331,344611,'Duccio'),
 (331,349520,'Galeazzo'),
 (331,349532,''),
 (331,355762,'Achille Cotone'),
 (331,355820,'Padre Pedro'),
 (331,384758,'Commissario Corso'),
 (331,386329,'Diego'),
 (331,387944,'Commissario Corso'),
 (331,390128,''),
 (331,404686,'Orso, the desertor'),
 (332,50993,'Mari africain'),
 (332,62459,''),
 (333,189396,''),
 (333,317572,''),
 (334,198,''),
 (334,64245,''),
 (334,307440,''),
 (334,334479,''),
 (335,189295,''),
 (335,229425,''),
 (336,365194,'Bartender'),
 (337,10150,'Demon'),
 (337,11426,'Dr. David Wyckoff'),
 (337,24137,'Maitre D'),
 (337,46529,'Sam'),
 (337,65754,'Administrator'),
 (337,72106,'Peter'),
 (337,79938,'Talk Show Host'),
 (337,81652,'Restaurant Owner'),
 (337,108333,'Examiner #2'),
 (337,115470,'Dishevelled Man'),
 (337,154040,'Court Clerk'),
 (337,163492,'Second Cuban'),
 (337,186680,'Yogi Gupta'),
 (337,213097,''),
 (337,223026,'Lucien'),
 (337,285049,'Phil Lombardi'),
 (337,296808,'Deputy Hank Hart'),
 (337,304822,'Locke')
